maker,product_name,url,form,moisture_pct,protein_asfed,protein_dm,fat_dm,phosphorus_asfed,phosphorus_dm,calorie_density_100g,calorie_basis,is_therapeutic,phosphorus_disclosed,fetched_at
アイシア株式会社,国産 健康缶パウチ 水分補給 まぐろペースト,https://www.aixia.jp/product/detail_4571104715368,ウェット,91.4,6.1,70.9,2.3,0.07%,0.8,,per_piece,False,yes,2026-06-22
アイシア株式会社,国産 健康缶パウチ 水分補給 まぐろムース,https://www.aixia.jp/product/detail_4571104715375,ウェット,91.4,6.1,70.9,2.3,0.07%,0.8,,per_piece,False,yes,2026-06-22
アイシア株式会社,国産 健康缶パウチ 水分補給 まぐろフレーク,https://www.aixia.jp/product/detail_4571104715382,ウェット,89.7,8.4,81.6,2.9,0.10%,1.0,,per_piece,False,yes,2026-06-22
アイシア株式会社,国産 健康缶パウチ 水分補給 かつおペースト,https://www.aixia.jp/product/detail_4571104716754,ウェット,91.4,6.1,70.9,2.3,0.07%,0.8,,per_piece,False,yes,2026-06-22
アイシア株式会社,国産 健康缶パウチ 水分補給 ささみペースト,https://www.aixia.jp/product/detail_4571104716761,ウェット,91.4,6.1,70.9,2.3,0.06%,0.7,,per_piece,False,yes,2026-06-22
アイシア株式会社,MiawMiawとびきり♪ まぐろ,https://www.aixia.jp/product/detail_45182570,ウェット,88.7,10.0,88.5,3.5,,,,per_piece,False,no,2026-06-22
アイシア株式会社,MiawMiawとびきり♪ ささみ入りまぐろ,https://www.aixia.jp/product/detail_45182587,ウェット,88.7,10.0,88.5,3.5,,,,per_piece,False,no,2026-06-22
アイシア株式会社,MiawMiawとびきり♪ しらす入りまぐろ,https://www.aixia.jp/product/detail_45182594,ウェット,88.7,10.0,88.5,3.5,,,,per_piece,False,no,2026-06-22
アイシア株式会社,MiawMiawとびきり♪ おかか入りまぐろ,https://www.aixia.jp/product/detail_45182600,ウェット,88.7,10.0,88.5,3.5,,,,per_piece,False,no,2026-06-22
アイシア株式会社,MiawMiawとびきり♪ ささみ,https://www.aixia.jp/product/detail_45182716,ウェット,90.0,8.2,82.0,4.0,,,,per_piece,False,no,2026-06-22
アイシア株式会社,MiawMiawとびきり♪ しらす入りささみ,https://www.aixia.jp/product/detail_45182723,ウェット,90.0,8.2,82.0,4.0,,,,per_piece,False,no,2026-06-22
アイシア株式会社,MiawMiawとびきり♪ 15歳からのまぐろ,https://www.aixia.jp/product/detail_45182617,ウェット,88.7,10.0,88.5,3.5,,,,per_piece,False,no,2026-06-22
アイシア株式会社,MiawMiawとびきり♪ 15歳からのささみ入りまぐろ,https://www.aixia.jp/product/detail_45182624,ウェット,88.7,10.0,88.5,3.5,,,,per_piece,False,no,2026-06-22
アイシア株式会社,健康缶パウチ シニア猫用 下部尿路ケア,https://www.aixia.jp/product/detail_4571104713821,ウェット,85.0,6.8,45.3,24.7,0.08%,0.5,,per_piece,False,yes,2026-06-22
アイシア株式会社,健康缶パウチ シニア猫用 腸内環境ケア,https://www.aixia.jp/product/detail_4571104713838,ウェット,85.0,6.8,45.3,24.7,0.08%,0.5,,per_piece,False,yes,2026-06-22
アイシア株式会社,健康缶パウチ シニア猫用 エイジングケア,https://www.aixia.jp/product/detail_4571104712558,ウェット,85.0,6.8,45.3,24.7,0.08%,0.5,,per_piece,False,yes,2026-06-22
アイシア株式会社,健康缶パウチ シニア猫用 皮膚・被毛ケア,https://www.aixia.jp/product/detail_4571104712572,ウェット,85.0,6.8,45.3,24.7,0.08%,0.5,,per_piece,False,yes,2026-06-22
アイシア株式会社,健康缶パウチ シニア猫用 毛玉ケア,https://www.aixia.jp/product/detail_4571104712565,ウェット,85.0,6.8,45.3,24.7,0.08%,0.5,,per_piece,False,yes,2026-06-22
アイシア株式会社,健康缶パウチ 子ねこ用 こまかめフレーク入りまぐろペースト,https://www.aixia.jp/product/detail_4571104713210,ウェット,79.6,11.0,53.9,17.6,0.36%,1.8,,per_piece,False,yes,2026-06-22
アイシア株式会社,健康缶パウチ 15歳頃からのとろとろまぐろペースト,https://www.aixia.jp/product/detail_4571104713265,ウェット,83.8,6.7,41.4,22.8,0.08%,0.5,,per_piece,False,yes,2026-06-22
アイシア株式会社,健康缶パウチ 18歳頃からのとろとろまぐろペースト,https://www.aixia.jp/product/detail_4571104713272,ウェット,84.0,7.2,45.0,23.1,0.08%,0.5,,per_piece,False,yes,2026-06-22
アイシア株式会社,健康缶パウチ 20歳頃からのとろとろまぐろペースト,https://www.aixia.jp/product/detail_4571104715023,ウェット,84.0,7.2,45.0,23.1,0.08%,0.5,,per_piece,False,yes,2026-06-22
アイシア株式会社,健犬 無垢 まぐろ,https://www.aixia.jp/product/detail_4571104716884,ウェット,85.3,13.3,90.5,1.4,,,,per_piece,False,no,2026-06-22
アイシア株式会社,健犬 無垢 かつお,https://www.aixia.jp/product/detail_4571104716891,ウェット,85.3,13.3,90.5,1.4,,,,per_piece,False,no,2026-06-22
アイシア株式会社,健犬 無垢 ささみ,https://www.aixia.jp/product/detail_4571104716907,ウェット,84.1,15.0,94.3,1.3,,,,per_piece,False,no,2026-06-22
アイシア株式会社,MiawMiawクリーミー ほたて風味,https://www.aixia.jp/product/detail_4571104710042,ウェット,90.6,5.2,55.3,4.3,,,,per_piece,False,no,2026-06-22
アイシア株式会社,MiawMiawクリーミー ずわいがに風味,https://www.aixia.jp/product/detail_4571104710059,ウェット,90.6,5.2,55.3,4.3,,,,per_piece,False,no,2026-06-22
アイシア株式会社,MiawMiawクリーミー 甘えび風味,https://www.aixia.jp/product/detail_4571104710066,ウェット,90.6,5.2,55.3,4.3,,,,per_piece,False,no,2026-06-22
アイシア株式会社,MiawMiawクリーミー 本枯れ節風味,https://www.aixia.jp/product/detail_4571104710073,ウェット,90.6,5.2,55.3,4.3,,,,per_piece,False,no,2026-06-22
アイシア株式会社,MiawMiawクリーミー 名古屋コーチン風味,https://www.aixia.jp/product/detail_4571104713982,ウェット,90.6,5.2,55.3,4.3,,,,per_piece,False,no,2026-06-22
アイシア株式会社,MiawMiawクリーミー 和牛風味,https://www.aixia.jp/product/detail_4571104713999,ウェット,90.6,5.2,55.3,4.3,,,,per_piece,False,no,2026-06-22
アイシア株式会社,MiawMiawクリーミー 15歳からのほたて風味,https://www.aixia.jp/product/detail_4571104714002,ウェット,90.6,5.2,55.3,4.3,,,,per_piece,False,no,2026-06-22
アイシア株式会社,MiawMiawスナッキー かつお味,https://www.aixia.jp/product/detail_4571104716181,ドライ,10.0,30.0,33.3,13.3,1.16%,1.3,,unknown,False,yes,2026-06-22
アイシア株式会社,MiawMiawスナッキー まぐろ味,https://www.aixia.jp/product/detail_4571104716198,ドライ,10.0,30.0,33.3,13.3,1.16%,1.3,,unknown,False,yes,2026-06-22
アイシア株式会社,MiawMiawスナッキー ローストチキン味,https://www.aixia.jp/product/detail_4571104716204,ドライ,10.0,30.0,33.3,13.3,1.16%,1.3,,unknown,False,yes,2026-06-22
アイシア株式会社,MiawMiawスナッキー 2種のアソート 焼きえび味・ほたて味,https://www.aixia.jp/product/detail_4571104716211,ドライ,10.0,30.0,33.3,13.3,1.16%,1.3,,unknown,False,yes,2026-06-22
アイシア株式会社,MiawMiawスナッキー 2種のアソート ビーフ味・チーズ味,https://www.aixia.jp/product/detail_4571104716228,ドライ,10.0,30.0,33.3,13.3,1.16%,1.3,,unknown,False,yes,2026-06-22
アイシア株式会社,MiawMiawスナッキー 4種のバラエティ まぐろ味・かつお味・焼きえび味・ほたて味,https://www.aixia.jp/product/detail_4571104716235,ドライ,10.0,30.0,33.3,13.3,1.16%,1.3,,unknown,False,yes,2026-06-22
アイシア株式会社,MiawMiawスナッキー 4種のバラエティ まぐろ味・ローストチキン味・ビーフ味・チーズ味,https://www.aixia.jp/product/detail_4571104716242,ドライ,10.0,30.0,33.3,13.3,1.16%,1.3,,unknown,False,yes,2026-06-22
いなばペットフード株式会社,CIAO プレミアム かつお節入り チキンミックス味 500g,https://www.inaba-petfood.co.jp/product/detail/CIAO%E3%83%97%E3%83%AC%E3%83%9F%E3%82%A2%E3%83%A0/11096,ドライ,10.0,30.0,33.3,13.3,,,350.0,per_100g,False,no,2026-06-22
いなばペットフード株式会社,CIAO プレミアム かつお節入り かつおミックス味 500g,https://www.inaba-petfood.co.jp/product/detail/CIAO%E3%83%97%E3%83%AC%E3%83%9F%E3%82%A2%E3%83%A0/11095,ドライ,10.0,30.0,33.3,13.3,,,350.0,per_100g,False,no,2026-06-22
いなばペットフード株式会社,CIAO プレミアム かつお節入り まぐろミックス味 500g,https://www.inaba-petfood.co.jp/product/detail/CIAO%E3%83%97%E3%83%AC%E3%83%9F%E3%82%A2%E3%83%A0/11094,ドライ,10.0,30.0,33.3,13.3,,,350.0,per_100g,False,no,2026-06-22
いなばペットフード株式会社,CIAO ちゅ～る 乳酸菌入り まぐろバラエティ 40本入り,https://www.inaba-petfood.co.jp/product/detail/CIAO/10239,ウェット,91.0,7.0,77.8,2.2,,,,per_piece,False,no,2026-06-22
いなばペットフード株式会社,CIAO ちゅ～る CIAO缶ちゅ～る まぐろ・かつおバラエティ 40本入り,https://www.inaba-petfood.co.jp/product/detail/CIAO+%E3%81%A1%E3%82%85%EF%BD%9E%E3%82%8B/8262,ウェット,88.0,9.5,79.2,3.3,,,,per_piece,False,no,2026-06-22
いなばペットフード株式会社,CIAO ちゅ～る 1歳までの子ねこ用バラエティ 20本入り,https://www.inaba-petfood.co.jp/product/detail/CIAO+%E3%81%A1%E3%82%85%EF%BD%9E%E3%82%8B/8261,ウェット,89.0,7.0,63.6,4.5,,,,per_piece,False,no,2026-06-22
いなばペットフード株式会社,CIAO 食塩無添加 高齢猫用 柔らかふわふわかつお節,https://www.inaba-petfood.co.jp/product/detail/CIAO+%E3%81%8B%E3%81%A4%E3%81%8A%E7%AF%80/6234,ドライ,20.0,65.0,81.2,3.6,,,,per_piece,False,no,2026-06-22
いなばペットフード株式会社,CIAO 食塩無添加 かつお節・にぼし入り,https://www.inaba-petfood.co.jp/product/detail/CIAO+%E3%81%8B%E3%81%A4%E3%81%8A%E7%AF%80/3797,ドライ,20.0,65.0,81.2,3.6,,,,per_piece,False,no,2026-06-22
いなばペットフード株式会社,CIAO 食塩無添加 かつお節,https://www.inaba-petfood.co.jp/product/detail/CIAO+%E3%81%8B%E3%81%A4%E3%81%8A%E7%AF%80/3796,ドライ,20.0,65.0,81.2,3.6,,,,per_piece,False,no,2026-06-22
いなばペットフード株式会社,CIAO ちゅ～るビッツ まぐろ・ささみバラエティ 15袋入り,https://www.inaba-petfood.co.jp/product/detail/CIAO+%E3%81%A1%E3%82%85%EF%BD%9E%E3%82%8B%E3%83%93%E3%83%83%E3%83%84/8100,ウェット,72.5,21.0,76.4,15.3,,,,per_piece,False,no,2026-06-22
いなばペットフード株式会社,CIAO ちゅ～るビッツ 海鮮・ささみバラエティ 30袋入り,https://www.inaba-petfood.co.jp/product/detail/CIAO+%E3%81%A1%E3%82%85%EF%BD%9E%E3%82%8B%E3%83%93%E3%83%83%E3%83%84/7784,ウェット,72.5,21.0,76.4,15.3,,,,per_piece,False,no,2026-06-22
いなばペットフード株式会社,CIAO まぐろ血合肉シリーズ まぐろ＆とりささみ チーズ入り,https://www.inaba-petfood.co.jp/product/detail/CIAO/10332,ウェット,82.0,,,8.3,,,,per_piece,False,no,2026-06-22
いなばペットフード株式会社,CIAO だしスープ 缶 まぐろ・ささみ しらす入り,https://www.inaba-petfood.co.jp/product/detail/CIAO+%E3%81%A0%E3%81%97%E3%82%B9%E3%83%BC%E3%83%97/10027,ウェット,94.0,4.0,66.7,3.3,,,,per_piece,False,no,2026-06-22
いなばペットフード株式会社,CIAO だしスープ 缶 ささみ ほたて貝柱入り,https://www.inaba-petfood.co.jp/product/detail/CIAO+%E3%81%A0%E3%81%97%E3%82%B9%E3%83%BC%E3%83%97/10026,ウェット,94.0,4.0,66.7,3.3,,,,per_piece,False,no,2026-06-22
いなばペットフード株式会社,CIAO だしスープ 缶 かつお・ささみ かつお節入り,https://www.inaba-petfood.co.jp/product/detail/CIAO+%E3%81%A0%E3%81%97%E3%82%B9%E3%83%BC%E3%83%97/10025,ウェット,94.0,4.0,66.7,3.3,,,,per_piece,False,no,2026-06-22
いなばペットフード株式会社,CIAO だしスープ 缶 まぐろ・ささみ,https://www.inaba-petfood.co.jp/product/detail/CIAO+%E3%81%A0%E3%81%97%E3%82%B9%E3%83%BC%E3%83%97/10024,ウェット,94.0,4.0,66.7,3.3,,,,per_piece,False,no,2026-06-22
いなばペットフード株式会社,CIAO ちゅ～る和え カップ とりささみ,https://www.inaba-petfood.co.jp/product/detail/CIAO+%E3%82%AB%E3%83%83%E3%83%97/8238,ウェット,87.5,10.0,80.0,1.6,,,,per_piece,False,no,2026-06-22
いなばペットフード株式会社,CIAO ちゅ～る和え カップ かつお,https://www.inaba-petfood.co.jp/product/detail/CIAO+%E3%82%AB%E3%83%83%E3%83%97/8237,ウェット,87.5,10.0,80.0,1.6,,,,per_piece,False,no,2026-06-22
いなばペットフード株式会社,CIAO ちゅ～る和え カップ まぐろ,https://www.inaba-petfood.co.jp/product/detail/CIAO+%E3%82%AB%E3%83%83%E3%83%97/8236,ウェット,87.5,10.0,80.0,1.6,,,,per_piece,False,no,2026-06-22
いなばペットフード株式会社,CIAO だしスープ このままだしスープ ささみ かにかま・しらす入り,https://www.inaba-petfood.co.jp/product/detail/CIAO+%E3%82%AB%E3%83%83%E3%83%97/3014,ウェット,93.0,5.0,71.4,1.4,,,,per_piece,False,no,2026-06-22
いなばペットフード株式会社,CIAO だしスープ このままだしスープ ささみ かにかま・かつお節入り,https://www.inaba-petfood.co.jp/product/detail/CIAO+%E3%82%AB%E3%83%83%E3%83%97/3013,ウェット,93.0,5.0,71.4,1.4,,,,per_piece,False,no,2026-06-22
いなばペットフード株式会社,CIAO ちゅ～ぶ 水分補給 まぐろ,https://www.inaba-petfood.co.jp/product/detail/CIAO+%E3%81%A1%E3%82%85%E3%80%9C%E3%81%B6/7100,ウェット,92.0,6.0,75.0,3.8,,,,per_piece,False,no,2026-06-22
いなばペットフード株式会社,CIAO ちゅ～ぶ 総合栄養食 とりささみ,https://www.inaba-petfood.co.jp/product/detail/CIAO+%E3%81%A1%E3%82%85%E3%80%9C%E3%81%B6/6607,ウェット,85.0,7.0,46.7,25.3,,,,per_piece,False,no,2026-06-22
いなばペットフード株式会社,CIAO ちゅ～ぶ 総合栄養食 まぐろ,https://www.inaba-petfood.co.jp/product/detail/CIAO+%E3%81%A1%E3%82%85%E3%80%9C%E3%81%B6/6606,ウェット,85.0,7.0,46.7,25.3,,,,per_piece,False,no,2026-06-22
いなばペットフード株式会社,CIAO ちゅ～ぶ 毛玉配慮 まぐろ,https://www.inaba-petfood.co.jp/product/detail/CIAO+%E3%81%A1%E3%82%85%E3%80%9C%E3%81%B6/6491,ウェット,90.0,7.5,75.0,2.0,,,,per_piece,False,no,2026-06-22
いなばペットフード株式会社,マルウオ Big かつお・まぐろ ほたて味,https://www.inaba-petfood.co.jp/product/detail/BIg%E3%83%9E%E3%83%AB%E3%82%A6%E3%82%AA/10939,ウェット,88.0,8.0,66.7,4.2,,,,per_piece,False,no,2026-06-22
いなばペットフード株式会社,マルウオ Big かつお・まぐろ かつお節入り,https://www.inaba-petfood.co.jp/product/detail/BIg%E3%83%9E%E3%83%AB%E3%82%A6%E3%82%AA/10938,ウェット,88.0,8.0,66.7,4.2,,,,per_piece,False,no,2026-06-22
いなばペットフード株式会社,マルウオ Big かつお・まぐろ ささみ入り,https://www.inaba-petfood.co.jp/product/detail/BIg%E3%83%9E%E3%83%AB%E3%82%A6%E3%82%AA/10937,ウェット,88.0,8.0,66.7,4.2,,,,per_piece,False,no,2026-06-22
いなばペットフード株式会社,マルウオ Big かつお・まぐろ しらす入り,https://www.inaba-petfood.co.jp/product/detail/BIg%E3%83%9E%E3%83%AB%E3%82%A6%E3%82%AA/10936,ウェット,88.0,8.0,66.7,4.2,,,,per_piece,False,no,2026-06-22
いなばペットフード株式会社,マルウオ Big かつお・まぐろ,https://www.inaba-petfood.co.jp/product/detail/BIg%E3%83%9E%E3%83%AB%E3%82%A6%E3%82%AA/10935,ウェット,88.0,8.0,66.7,4.2,,,,per_piece,False,no,2026-06-22
いなばペットフード株式会社,CIAO クランキー まぐろ・チキン味,https://www.inaba-petfood.co.jp/product/detail/CIAO%E3%82%AF%E3%83%A9%E3%83%B3%E3%82%AD%E3%83%BC/10258,ドライ,10.0,26.0,28.9,10.0,0.84%,0.9,350.0,per_100g,False,yes,2026-06-22
いなばペットフード株式会社,猫用　動物病院専用ちゅ～る CIAO エネルギーちゅ～る まぐろ 50本入り,https://www.inaba-petfood.co.jp/product/detail/%E7%8C%AB%E7%94%A8%E3%80%80%E5%8B%95%E7%89%A9%E7%97%85%E9%99%A2%E5%B0%82%E7%94%A8%E3%81%A1%E3%82%85%EF%BD%9E%E3%82%8B/10934,ウェット,84.0,9.0,56.2,23.8,0.26%,1.6,,per_piece,True,yes,2026-06-22
いなばペットフード株式会社,猫用　動物病院専用ちゅ～る CIAO エネルギーちゅ～る とりささみ 50本入り,https://www.inaba-petfood.co.jp/product/detail/%E7%8C%AB%E7%94%A8%E3%80%80%E5%8B%95%E7%89%A9%E7%97%85%E9%99%A2%E5%B0%82%E7%94%A8%E3%81%A1%E3%82%85%EF%BD%9E%E3%82%8B/10933,ウェット,84.0,9.0,56.2,23.8,0.28%,1.8,,per_piece,True,yes,2026-06-22
いなばペットフード株式会社,猫用　動物病院専用ちゅ～る CIAO エネルギーちゅ～る 低リン低ナトリウム まぐろ,https://www.inaba-petfood.co.jp/product/detail/%E7%8C%AB%E7%94%A8%E3%80%80%E5%8B%95%E7%89%A9%E7%97%85%E9%99%A2%E5%B0%82%E7%94%A8%E3%81%A1%E3%82%85%EF%BD%9E%E3%82%8B/10930,ウェット,86.0,9.0,64.3,27.1,0.14%,1.0,,per_piece,True,yes,2026-06-22
いなばペットフード株式会社,猫用　動物病院専用ちゅ～る CIAO エネルギーちゅ～る ｐHコントロール まぐろ,https://www.inaba-petfood.co.jp/product/detail/%E7%8C%AB%E7%94%A8%E3%80%80%E5%8B%95%E7%89%A9%E7%97%85%E9%99%A2%E5%B0%82%E7%94%A8%E3%81%A1%E3%82%85%EF%BD%9E%E3%82%8B/10929,ウェット,86.0,9.0,64.3,27.1,0.14%,1.0,,per_piece,True,yes,2026-06-22
いなばペットフード株式会社,CIAO ちゅ～る まぐろ ほたて味 10本入り,https://www.inaba-petfood.co.jp/product/detail/CIAO+%E3%81%A1%E3%82%85%EF%BD%9E%E3%82%8B/4201,ウェット,91.0,7.0,77.8,2.2,,,,per_piece,False,no,2026-06-22
いなばペットフード株式会社,CIAO ちゅ～る 贅沢バラエティ 120本入り,https://www.inaba-petfood.co.jp/product/detail/CIAO+%E3%81%A1%E3%82%85%EF%BD%9E%E3%82%8B/8249,ウェット,91.0,7.0,77.8,2.2,,,,per_piece,False,no,2026-06-22
いなばペットフード株式会社,CIAO ちゅ～る まぐろ・かつおバラエティ 120本入り,https://www.inaba-petfood.co.jp/product/detail/CIAO+%E3%81%A1%E3%82%85%EF%BD%9E%E3%82%8B/8248,ウェット,91.0,7.0,77.8,2.2,,,,per_piece,False,no,2026-06-22
いなばペットフード株式会社,CIAO ちゅ～るグルメ 総合栄養食 まぐろ海鮮バラエティ 120本入り,https://www.inaba-petfood.co.jp/product/detail/CIAO+%E3%81%A1%E3%82%85%EF%BD%9E%E3%82%8B/6810,ウェット,85.0,7.0,46.7,25.3,,,,per_piece,False,no,2026-06-22
いなばペットフード株式会社,CIAO ちゅ～るグルメ 毛玉配慮 まぐろ海鮮バラエティ 120本入り,https://www.inaba-petfood.co.jp/product/detail/CIAO+%E3%81%A1%E3%82%85%EF%BD%9E%E3%82%8B/6809,ウェット,90.0,7.5,75.0,2.0,,,,per_piece,False,no,2026-06-22
いなばペットフード株式会社,CIAO ちゅ～るグルメ とりささみ海鮮バラエティ 120本入り,https://www.inaba-petfood.co.jp/product/detail/CIAO+%E3%81%A1%E3%82%85%EF%BD%9E%E3%82%8B/6808,ウェット,91.0,7.0,77.8,2.2,,,,per_piece,False,no,2026-06-22
いなばペットフード株式会社,CIAO ちゅ～るグルメ かつお海鮮バラエティ 120本入り,https://www.inaba-petfood.co.jp/product/detail/CIAO+%E3%81%A1%E3%82%85%EF%BD%9E%E3%82%8B/6807,ウェット,91.0,7.0,77.8,2.2,,,,per_piece,False,no,2026-06-22
いなばペットフード株式会社,CIAO ちゅ～るグルメ まぐろ海鮮バラエティ 120本入り,https://www.inaba-petfood.co.jp/product/detail/CIAO+%E3%81%A1%E3%82%85%EF%BD%9E%E3%82%8B/6806,ウェット,91.0,7.0,77.8,2.2,,,,per_piece,False,no,2026-06-22
いなばペットフード株式会社,焼かつおディナーちゅ～る かつお節・しらすアソート 20本入り,https://www.inaba-petfood.co.jp/product/detail/%E7%84%BC%E3%81%8B%E3%81%A4%E3%81%8A%E3%83%87%E3%82%A3%E3%83%8A%E3%83%BC%E3%81%A1%E3%82%85%EF%BD%9E%E3%82%8B/10194,ウェット,86.0,7.0,50.0,22.9,,,,per_piece,False,no,2026-06-22
いなばペットフード株式会社,CIAO ちゅ～る 贅沢まぐろバラエティ 20本入り,https://www.inaba-petfood.co.jp/product/detail/CIAO%E3%80%80%E3%81%A1%E3%82%85%EF%BD%9E%E3%82%8B/10080,ウェット,91.0,7.0,77.8,2.2,,,,per_piece,False,no,2026-06-22
いなばペットフード株式会社,CIAO ちゅ～る まぐろ・海鮮バラエティ 20本入り,https://www.inaba-petfood.co.jp/product/detail/CIAO%E3%80%80%E3%81%A1%E3%82%85%EF%BD%9E%E3%82%8B/10079,ウェット,91.0,7.0,77.8,2.2,,,,per_piece,False,no,2026-06-22
いなばペットフード株式会社,CIAO ちゅ～る まぐろ・ささみバラエティ 20本入り,https://www.inaba-petfood.co.jp/product/detail/CIAO%E3%80%80%E3%81%A1%E3%82%85%EF%BD%9E%E3%82%8B/10078,ウェット,91.0,7.0,77.8,2.2,,,,per_piece,False,no,2026-06-22
いなばペットフード株式会社,ちゅるビ～ まぐろと焼ささみ 海鮮ほたて味 18袋入り,https://www.inaba-petfood.co.jp/product/detail/%E3%81%A1%E3%82%85%E3%82%8B%E3%83%93%E3%80%9C/9778,ウェット,69.5,24.0,78.7,13.8,,,,,False,no,2026-06-22
いなばペットフード株式会社,ちゅるビ～ まぐろと焼かつお 海鮮ほたて味 18袋入り,https://www.inaba-petfood.co.jp/product/detail/%E3%81%A1%E3%82%85%E3%82%8B%E3%83%93%E3%80%9C/9777,ウェット,69.5,24.0,78.7,13.8,,,,per_piece,False,no,2026-06-22
いなばペットフード株式会社,ちゅるビ～ まぐろバラエティ 36袋入り,https://www.inaba-petfood.co.jp/product/detail/%E3%81%A1%E3%82%85%E3%82%8B%E3%83%93%E3%80%9C/9779,ウェット,69.5,24.0,78.7,13.8,,,,,False,no,2026-06-22
いなばペットフード株式会社,ちゅるビ～ ささみと焼ささみ,https://www.inaba-petfood.co.jp/product/detail/%E3%81%A1%E3%82%85%E3%82%8B%E3%83%93%E3%80%9C/9776,ウェット,69.5,24.0,78.7,13.8,,,,per_piece,False,no,2026-06-22
いなばペットフード株式会社,ちゅるビ～ ささみと焼かつお,https://www.inaba-petfood.co.jp/product/detail/%E3%81%A1%E3%82%85%E3%82%8B%E3%83%93%E3%80%9C/9775,ウェット,69.5,24.0,78.7,13.8,,,,per_piece,False,no,2026-06-22
いなばペットフード株式会社,ちゅるビ～ まぐろと焼ささみ,https://www.inaba-petfood.co.jp/product/detail/%E3%81%A1%E3%82%85%E3%82%8B%E3%83%93%E3%80%9C/9774,ウェット,69.5,24.0,78.7,13.8,,,,per_piece,False,no,2026-06-22
いなばペットフード株式会社,ちゅるビ～ まぐろと焼かつお,https://www.inaba-petfood.co.jp/product/detail/%E3%81%A1%E3%82%85%E3%82%8B%E3%83%93%E3%80%9C/9773,ウェット,69.5,24.0,78.7,13.8,,,,per_piece,False,no,2026-06-22
いなばペットフード株式会社,ちゅるビ～ プチちゅるビ～ ささみ,https://www.inaba-petfood.co.jp/product/detail/%E3%81%A1%E3%82%85%E3%82%8B%E3%83%93%E3%80%9C/9772,ウェット,71.0,20.0,69.0,12.1,,,,per_piece,False,no,2026-06-22
いなばペットフード株式会社,ちゅるビ～ プチちゅるビ～ まぐろ,https://www.inaba-petfood.co.jp/product/detail/%E3%81%A1%E3%82%85%E3%82%8B%E3%83%93%E3%80%9C/9771,ウェット,71.0,20.0,69.0,12.1,,,,per_piece,False,no,2026-06-22
いなばペットフード株式会社,焼ミックス ちゅ～る和え まぐろ味とかに味,https://www.inaba-petfood.co.jp/product/detail/%E7%84%BC%E3%83%9F%E3%83%83%E3%82%AF%E3%82%B9/8271,ウェット,73.0,18.0,66.7,25.9,,,,per_piece,False,no,2026-06-22
いなばペットフード株式会社,焼ミックス ちゅ～る和え まぐろ味といか味,https://www.inaba-petfood.co.jp/product/detail/%E7%84%BC%E3%83%9F%E3%83%83%E3%82%AF%E3%82%B9/8270,ウェット,73.0,18.0,66.7,25.9,,,,per_piece,False,no,2026-06-22
いなばペットフード株式会社,焼本かつお 高齢猫用 海鮮かつお節味 10本入り,https://www.inaba-petfood.co.jp/product/detail/%E7%84%BC%E6%9C%AC%E3%81%8B%E3%81%A4%E3%81%8A/10106,ウェット,70.0,26.5,88.3,5.0,,,,,False,no,2026-06-22
いなばペットフード株式会社,焼本かつお 海鮮ほたて味 10本入り,https://www.inaba-petfood.co.jp/product/detail/%E7%84%BC%E6%9C%AC%E3%81%8B%E3%81%A4%E3%81%8A/10097,ウェット,70.0,26.5,88.3,5.0,,,,,False,no,2026-06-22
いなばペットフード株式会社,焼本かつお 海鮮しらす味 10本入り,https://www.inaba-petfood.co.jp/product/detail/%E7%84%BC%E6%9C%AC%E3%81%8B%E3%81%A4%E3%81%8A/10096,ウェット,70.0,26.5,88.3,5.0,,,,,False,no,2026-06-22
いなばペットフード株式会社,焼ささみ 高齢猫用 10本入り,https://www.inaba-petfood.co.jp/product/detail/%E7%84%BC%E3%81%95%E3%81%95%E3%81%BF/9792,ウェット,77.0,20.0,87.0,4.8,,,,per_piece,False,no,2026-06-22
いなばペットフード株式会社,焼ささみ かつおミックス味 10本入り,https://www.inaba-petfood.co.jp/product/detail/%E7%84%BC%E3%81%95%E3%81%95%E3%81%BF/9791,ウェット,74.0,23.0,88.5,4.2,,,,per_piece,False,no,2026-06-22
いなばペットフード株式会社,焼ささみ チキンミックス味 10本入り,https://www.inaba-petfood.co.jp/product/detail/%E7%84%BC%E3%81%95%E3%81%95%E3%81%BF/9790,ウェット,74.0,23.0,88.5,4.2,,,,,False,no,2026-06-22
いなばペットフード株式会社,焼ささみ ほたて海鮮味 10本入り,https://www.inaba-petfood.co.jp/product/detail/%E7%84%BC%E3%81%95%E3%81%95%E3%81%BF/9789,ウェット,74.0,23.0,88.5,4.2,,,,per_piece,False,no,2026-06-22
いなばペットフード株式会社,焼本かつお 海鮮かつお節味 10本入り,https://www.inaba-petfood.co.jp/product/detail/%E7%84%BC%E6%9C%AC%E3%81%8B%E3%81%A4%E3%81%8A/9788,ウェット,70.0,26.5,88.3,5.0,,,,,False,no,2026-06-22
いなばペットフード株式会社,焼かつお 高齢猫用 10 本入り,https://www.inaba-petfood.co.jp/product/detail/%E7%84%BC%E3%81%8B%E3%81%A4%E3%81%8A/9786,ウェット,74.0,23.0,88.5,4.6,,,,,False,no,2026-06-22
いなばペットフード株式会社,焼かつお 本格だしミックス味 10本入り,https://www.inaba-petfood.co.jp/product/detail/%E7%84%BC%E3%81%8B%E3%81%A4%E3%81%8A/9785,ウェット,67.0,28.0,84.8,3.6,,,,,False,no,2026-06-22
いなばペットフード株式会社,焼かつお 海鮮ミックス味 10本入り,https://www.inaba-petfood.co.jp/product/detail/%E7%84%BC%E3%81%8B%E3%81%A4%E3%81%8A/9784,ウェット,67.0,28.0,84.8,3.6,,,,,False,no,2026-06-22
いなばペットフード株式会社,焼かつお かつおミックス味 10本入り,https://www.inaba-petfood.co.jp/product/detail/%E7%84%BC%E3%81%8B%E3%81%A4%E3%81%8A/9781,ウェット,67.0,28.0,84.8,3.6,,,,,False,no,2026-06-22
いなばペットフード株式会社,CIAO ちゅ～るごはん スープ とりささみ,https://www.inaba-petfood.co.jp/product/detail/CIAO%E3%80%80%E3%81%A1%E3%82%85%EF%BD%9E%E3%82%8B%E3%81%94%E3%81%AF%E3%82%93%E3%82%B9%E3%83%BC%E3%83%97/11064,ウェット,91.5,4.0,47.1,14.1,,,,per_piece,False,no,2026-06-22
いなばペットフード株式会社,CIAO ちゅ～るごはん スープ まぐろ,https://www.inaba-petfood.co.jp/product/detail/CIAO%E3%80%80%E3%81%A1%E3%82%85%EF%BD%9E%E3%82%8B%E3%81%94%E3%81%AF%E3%82%93%E3%82%B9%E3%83%BC%E3%83%97/11063,ウェット,91.5,4.0,47.1,14.1,,,,per_piece,False,no,2026-06-22
いなばペットフード株式会社,前浜の魚 まぐろ 細かめフレーク,https://www.inaba-petfood.co.jp/product/detail/%E5%89%8D%E6%B5%9C%E3%81%AE%E9%AD%9A/5317,ウェット,88.0,9.0,75.0,4.2,,,,per_piece,False,no,2026-06-22
いなばペットフード株式会社,前浜の魚 まぐろ,https://www.inaba-petfood.co.jp/product/detail/%E5%89%8D%E6%B5%9C%E3%81%AE%E9%AD%9A/5314,ウェット,88.0,9.0,75.0,4.2,,,,per_piece,False,no,2026-06-22
いなばペットフード株式会社,わがまま猫 しらす入り かつお・まぐろ,https://www.inaba-petfood.co.jp/product/detail/%E3%82%8F%E3%81%8C%E3%81%BE%E3%81%BE%E7%8C%AB/5304,ウェット,88.5,9.0,78.3,4.3,,,,per_piece,False,no,2026-06-22
いなばペットフード株式会社,わがまま猫 ささみ入り かつお・まぐろ,https://www.inaba-petfood.co.jp/product/detail/%E3%82%8F%E3%81%8C%E3%81%BE%E3%81%BE%E7%8C%AB/5303,ウェット,88.5,9.0,78.3,4.3,,,,per_piece,False,no,2026-06-22
いなばペットフード株式会社,わがまま猫 かつお節入り かつお・まぐろ,https://www.inaba-petfood.co.jp/product/detail/%E3%82%8F%E3%81%8C%E3%81%BE%E3%81%BE%E7%8C%AB/5302,ウェット,88.5,9.0,78.3,4.3,,,,per_piece,False,no,2026-06-22
いなばペットフード株式会社,前浜の魚 かつお丸つぶし しらす入り,https://www.inaba-petfood.co.jp/product/detail/%E5%89%8D%E6%B5%9C%E3%81%AE%E9%AD%9A/5309,ウェット,88.0,9.0,75.0,4.2,,,,per_piece,False,no,2026-06-22
いなばペットフード株式会社,前浜の魚 かつお丸つぶし にぼし入り,https://www.inaba-petfood.co.jp/product/detail/%E5%89%8D%E6%B5%9C%E3%81%AE%E9%AD%9A/5308,ウェット,88.0,9.0,75.0,4.2,,,,per_piece,False,no,2026-06-22
いなばペットフード株式会社,前浜の魚 かつお丸つぶし,https://www.inaba-petfood.co.jp/product/detail/%E5%89%8D%E6%B5%9C%E3%81%AE%E9%AD%9A/5306,ウェット,88.0,9.0,75.0,4.2,,,,per_piece,False,no,2026-06-22
いなばペットフード株式会社,わがまま猫 とろみ まぐろ かつお節入り 3缶,https://www.inaba-petfood.co.jp/product/detail/%E3%82%8F%E3%81%8C%E3%81%BE%E3%81%BE%E7%8C%AB/9700,ウェット,89.0,8.5,77.3,4.5,,,50.0,per_100g,False,no,2026-06-22
いなばペットフード株式会社,わがまま猫 とろみ まぐろ ささみ入り 3缶,https://www.inaba-petfood.co.jp/product/detail/%E3%82%8F%E3%81%8C%E3%81%BE%E3%81%BE%E7%8C%AB/9699,ウェット,89.0,8.5,77.3,4.5,,,50.0,per_100g,False,no,2026-06-22
いなばペットフード株式会社,わがまま猫 とろみ まぐろ しらす入り 3缶,https://www.inaba-petfood.co.jp/product/detail/%E3%82%8F%E3%81%8C%E3%81%BE%E3%81%BE%E7%8C%AB/9698,ウェット,89.0,8.5,77.3,4.5,,,50.0,per_100g,False,no,2026-06-22
いなばペットフード株式会社,わがまま猫 とろみ まぐろ 3缶,https://www.inaba-petfood.co.jp/product/detail/%E3%82%8F%E3%81%8C%E3%81%BE%E3%81%BE%E7%8C%AB/9697,ウェット,89.0,8.5,77.3,4.5,,,50.0,per_100g,False,no,2026-06-22
いなばペットフード株式会社,わがまま猫 まぐろ かつお節入り 3缶,https://www.inaba-petfood.co.jp/product/detail/%E3%82%8F%E3%81%8C%E3%81%BE%E3%81%BE%E7%8C%AB/9696,ウェット,88.5,9.0,78.3,3.5,,,60.0,per_100g,False,no,2026-06-22
いなばペットフード株式会社,わがまま猫 まぐろ ささみ入り 3缶,https://www.inaba-petfood.co.jp/product/detail/%E3%82%8F%E3%81%8C%E3%81%BE%E3%81%BE%E7%8C%AB/9695,ウェット,88.5,9.0,78.3,3.5,,,60.0,per_100g,False,no,2026-06-22
いなばペットフード株式会社,わがまま猫 まぐろ しらす入り 3缶,https://www.inaba-petfood.co.jp/product/detail/%E3%82%8F%E3%81%8C%E3%81%BE%E3%81%BE%E7%8C%AB/9694,ウェット,88.5,9.0,78.3,3.5,,,60.0,per_100g,False,no,2026-06-22
いなばペットフード株式会社,わがまま猫 まぐろ 3缶,https://www.inaba-petfood.co.jp/product/detail/%E3%82%8F%E3%81%8C%E3%81%BE%E3%81%BE%E7%8C%AB/9693,ウェット,88.5,9.0,78.3,3.5,,,60.0,per_100g,False,no,2026-06-22
いなばペットフード株式会社,わがまま猫 白身のせ かつお・まぐろ ささみ入り 3缶,https://www.inaba-petfood.co.jp/product/detail/%E3%82%8F%E3%81%8C%E3%81%BE%E3%81%BE%E7%8C%AB/6068,ウェット,80.0,16.0,80.0,7.5,,,110.0,per_100g,False,no,2026-06-22
いなばペットフード株式会社,わがまま猫 白身のせ かつお・まぐろ しらす入り 3缶,https://www.inaba-petfood.co.jp/product/detail/%E3%82%8F%E3%81%8C%E3%81%BE%E3%81%BE%E7%8C%AB/6067,ウェット,80.0,16.0,80.0,7.5,,,110.0,per_100g,False,no,2026-06-22
いなばペットフード株式会社,わがまま猫 白身のせ かつお・まぐろ 3缶,https://www.inaba-petfood.co.jp/product/detail/%E3%82%8F%E3%81%8C%E3%81%BE%E3%81%BE%E7%8C%AB/6066,ウェット,80.0,16.0,80.0,7.5,,,110.0,per_100g,False,no,2026-06-22
いなばペットフード株式会社,ホワイトフジ プレミアム まぐろ しらす入り,https://www.inaba-petfood.co.jp/product/detail/%E3%81%84%E3%81%AA%E3%81%B0%E3%80%80%E3%83%9B%E3%83%AF%E3%82%A4%E3%83%88%E3%83%95%E3%82%B8%E3%80%80%E3%83%97%E3%83%AC%E3%83%9F%E3%82%A2%E3%83%A0/11041,ウェット,84.0,12.0,75.0,13.8,,,,per_piece,False,no,2026-06-22
いなばペットフード株式会社,ホワイトフジ プレミアム まぐろ ほたて味,https://www.inaba-petfood.co.jp/product/detail/%E3%81%84%E3%81%AA%E3%81%B0%E3%80%80%E3%83%9B%E3%83%AF%E3%82%A4%E3%83%88%E3%83%95%E3%82%B8%E3%80%80%E3%83%97%E3%83%AC%E3%83%9F%E3%82%A2%E3%83%A0/11040,ウェット,84.0,12.0,75.0,13.8,,,,per_piece,False,no,2026-06-22
いなばペットフード株式会社,ホワイトフジ プレミアム まぐろ かつお節入り,https://www.inaba-petfood.co.jp/product/detail/%E3%81%84%E3%81%AA%E3%81%B0%E3%80%80%E3%83%9B%E3%83%AF%E3%82%A4%E3%83%88%E3%83%95%E3%82%B8%E3%80%80%E3%83%97%E3%83%AC%E3%83%9F%E3%82%A2%E3%83%A0/11039,ウェット,84.0,12.0,75.0,13.8,,,,per_piece,False,no,2026-06-22
いなばペットフード株式会社,ホワイトフジ プレミアム まぐろ,https://www.inaba-petfood.co.jp/product/detail/%E3%81%84%E3%81%AA%E3%81%B0%E3%80%80%E3%83%9B%E3%83%AF%E3%82%A4%E3%83%88%E3%83%95%E3%82%B8%E3%80%80%E3%83%97%E3%83%AC%E3%83%9F%E3%82%A2%E3%83%A0/11038,ウェット,84.0,12.0,75.0,13.8,,,,per_piece,False,no,2026-06-22
いなばペットフード株式会社,魚八 高齢猫用 かつお節入り 3缶,https://www.inaba-petfood.co.jp/product/detail/%E3%81%84%E3%81%AA%E3%81%B0%E3%80%80%E9%AD%9A%E5%85%AB+3%E7%BC%B6/11047,ウェット,81.9,14.0,77.3,11.0,,,90.0,per_100g,False,no,2026-06-22
いなばペットフード株式会社,魚八 しらす入り 3缶,https://www.inaba-petfood.co.jp/product/detail/%E3%81%84%E3%81%AA%E3%81%B0%E3%80%80%E9%AD%9A%E5%85%AB+3%E7%BC%B6/11046,ウェット,81.9,14.0,77.3,11.0,,,90.0,per_100g,False,no,2026-06-22
いなばペットフード株式会社,魚八 かつお節入り 3缶,https://www.inaba-petfood.co.jp/product/detail/%E3%81%84%E3%81%AA%E3%81%B0%E3%80%80%E9%AD%9A%E5%85%AB+3%E7%BC%B6/11045,ウェット,81.9,14.0,77.3,11.0,,,90.0,per_100g,False,no,2026-06-22
いなばペットフード株式会社,魚八 ささみ入り 3缶,https://www.inaba-petfood.co.jp/product/detail/%E3%81%84%E3%81%AA%E3%81%B0%E3%80%80%E9%AD%9A%E5%85%AB+3%E7%BC%B6/11044,ウェット,81.9,14.0,77.3,11.0,,,90.0,per_100g,False,no,2026-06-22
いなばペットフード株式会社,ツインカップテリーヌ まぐろ・ささみ かつお節添え,https://www.inaba-petfood.co.jp/product/detail/%E3%83%84%E3%82%A4%E3%83%B3%E3%82%AB%E3%83%83%E3%83%97/6737,ウェット,90.0,7.0,70.0,1.0,,,,per_piece,False,no,2026-06-22
いなばペットフード株式会社,ツインカップテリーヌ まぐろ・ささみ しらす添え,https://www.inaba-petfood.co.jp/product/detail/%E3%83%84%E3%82%A4%E3%83%B3%E3%82%AB%E3%83%83%E3%83%97/6736,ウェット,90.0,7.0,70.0,1.0,,,,per_piece,False,no,2026-06-22
いなばペットフード株式会社,ツインカップテリーヌ まぐろ・ささみ 貝柱添え,https://www.inaba-petfood.co.jp/product/detail/%E3%83%84%E3%82%A4%E3%83%B3%E3%82%AB%E3%83%83%E3%83%97/6735,ウェット,90.0,7.0,70.0,1.0,,,,per_piece,False,no,2026-06-22
いなばペットフード株式会社,ツインカップテリーヌ まぐろ・ささみ,https://www.inaba-petfood.co.jp/product/detail/%E3%83%84%E3%82%A4%E3%83%B3%E3%82%AB%E3%83%83%E3%83%97/6734,ウェット,90.0,7.0,70.0,1.0,,,,per_piece,False,no,2026-06-22
いなばペットフード株式会社,焼かつおカップスープ ほたて貝柱・ささみ入り,https://www.inaba-petfood.co.jp/product/detail/%E7%84%BC%E3%81%8B%E3%81%A4%E3%81%8A%E3%82%AB%E3%83%83%E3%83%97/4031,ウェット,93.0,5.0,71.4,1.4,,,,per_piece,False,no,2026-06-22
いなばペットフード株式会社,焼かつおカップスープ かつお節・ほたて貝柱・ささみ入り,https://www.inaba-petfood.co.jp/product/detail/%E7%84%BC%E3%81%8B%E3%81%A4%E3%81%8A%E3%82%AB%E3%83%83%E3%83%97/4030,ウェット,93.0,5.0,71.4,1.4,,,,per_piece,False,no,2026-06-22
いなばペットフード株式会社,CIAO だしスープ このままだしスープ まぐろ かにかま・しらす入り,https://www.inaba-petfood.co.jp/product/detail/CIAO+%E3%82%AB%E3%83%83%E3%83%97/3012,ウェット,93.0,5.0,71.4,1.4,,,,per_piece,False,no,2026-06-22
いなばペットフード株式会社,CIAO だしスープ このままだしスープ まぐろ かにかま・かつお節入り,https://www.inaba-petfood.co.jp/product/detail/CIAO+%E3%82%AB%E3%83%83%E3%83%97/3011,ウェット,93.0,5.0,71.4,1.4,,,,per_piece,False,no,2026-06-22
いなばペットフード株式会社,まぐろジュレ 乳酸菌入り ささみ入り,https://www.inaba-petfood.co.jp/product/detail/%E3%81%BE%E3%81%90%E3%82%8D%E3%82%B8%E3%83%A5%E3%83%AC/8035,ウェット,90.0,7.0,70.0,1.0,,,,per_piece,False,no,2026-06-22
いなばペットフード株式会社,まぐろジュレ 乳酸菌入り かつお節入り,https://www.inaba-petfood.co.jp/product/detail/%E3%81%BE%E3%81%90%E3%82%8D%E3%82%B8%E3%83%A5%E3%83%AC/8034,ウェット,90.0,7.0,70.0,1.0,,,,per_piece,False,no,2026-06-22
いなばペットフード株式会社,まぐろジュレ 乳酸菌入り まぐろ,https://www.inaba-petfood.co.jp/product/detail/%E3%81%BE%E3%81%90%E3%82%8D%E3%82%B8%E3%83%A5%E3%83%AC/8033,ウェット,90.0,7.0,70.0,1.0,,,,per_piece,False,no,2026-06-22
いなばペットフード株式会社,まぐろジュレ 乳酸菌入り シーフードバラエティ 12個パック,https://www.inaba-petfood.co.jp/product/detail/%E3%81%BE%E3%81%90%E3%82%8D%E3%82%B8%E3%83%A5%E3%83%AC/8042,ウェット,90.0,7.0,70.0,1.0,,,,per_piece,False,no,2026-06-22
いなばペットフード株式会社,まぐろジュレ 乳酸菌入り まぐろ・ささみバラエティ 12個パック,https://www.inaba-petfood.co.jp/product/detail/%E3%81%BE%E3%81%90%E3%82%8D%E3%82%B8%E3%83%A5%E3%83%AC/8041,ウェット,90.0,7.0,70.0,1.0,,,,per_piece,False,no,2026-06-22
いなばペットフード株式会社,まぐろジュレ 乳酸菌入り まぐろ・ささみバラエティ 4個パック,https://www.inaba-petfood.co.jp/product/detail/%E3%81%BE%E3%81%90%E3%82%8D%E3%82%B8%E3%83%A5%E3%83%AC/8040,ウェット,90.0,7.0,70.0,1.0,,,,per_piece,False,no,2026-06-22
いなばペットフード株式会社,まぐろジュレ 乳酸菌入り ささみバラエティ 4個パック,https://www.inaba-petfood.co.jp/product/detail/%E3%81%BE%E3%81%90%E3%82%8D%E3%82%B8%E3%83%A5%E3%83%AC/8039,ウェット,90.0,7.0,70.0,1.0,,,,per_piece,False,no,2026-06-22
いなばペットフード株式会社,まぐろジュレ 乳酸菌入り まぐろバラエティ 4個パック,https://www.inaba-petfood.co.jp/product/detail/%E3%81%BE%E3%81%90%E3%82%8D%E3%82%B8%E3%83%A5%E3%83%AC/8038,ウェット,90.0,7.0,70.0,1.0,,,,per_piece,False,no,2026-06-22
いなばペットフード株式会社,金のだしカップ 11歳からのまぐろ・かつお・ささみ入り,https://www.inaba-petfood.co.jp/product/detail/%E9%87%91%E3%81%AE%E3%81%A0%E3%81%97/5279,ウェット,89.0,9.0,81.8,0.9,,,,per_piece,False,no,2026-06-22
いなばペットフード株式会社,CIAO ちゅ～ぶ とりささみ,https://www.inaba-petfood.co.jp/product/detail/CIAO+%E3%81%A1%E3%82%85%E3%80%9C%E3%81%B6/6490,ウェット,90.0,8.0,80.0,2.0,,,,per_piece,False,no,2026-06-22
いなばペットフード株式会社,CIAO ちゅ～ぶ まぐろ ほたて貝柱入り,https://www.inaba-petfood.co.jp/product/detail/CIAO+%E3%81%A1%E3%82%85%E3%80%9C%E3%81%B6/6489,ウェット,90.0,8.0,80.0,2.0,,,,per_piece,False,no,2026-06-22
いなばペットフード株式会社,CIAO ちゅ～ぶ まぐろ,https://www.inaba-petfood.co.jp/product/detail/CIAO+%E3%81%A1%E3%82%85%E3%80%9C%E3%81%B6/6488,ウェット,90.0,8.0,80.0,2.0,,,,per_piece,False,no,2026-06-22
いなばペットフード株式会社,金のだし ちゅ～るタイプ とりささみ かつお節入り,https://www.inaba-petfood.co.jp/product/detail/%E9%87%91%E3%81%AE%E3%81%A0%E3%81%97/3635,ウェット,90.0,7.0,70.0,15.0,,,,per_piece,False,no,2026-06-22
いなばペットフード株式会社,金のだし ちゅ～るタイプ まぐろ とりささみ入り,https://www.inaba-petfood.co.jp/product/detail/%E9%87%91%E3%81%AE%E3%81%A0%E3%81%97/3634,ウェット,90.0,7.0,70.0,15.0,,,,per_piece,False,no,2026-06-22
いなばペットフード株式会社,CIAO こだわり フレーク まぐろ 削り節入り,https://www.inaba-petfood.co.jp/product/detail/CIAO+%E3%81%93%E3%81%A0%E3%82%8F%E3%82%8A/9709,ウェット,89.2,8.5,78.7,1.9,,,,per_piece,False,no,2026-06-22
いなばペットフード株式会社,CIAO こだわり フレーク かつお,https://www.inaba-petfood.co.jp/product/detail/CIAO+%E3%81%93%E3%81%A0%E3%82%8F%E3%82%8A/9708,ウェット,89.2,8.5,78.7,1.9,,,,per_piece,False,no,2026-06-22
いなばペットフード株式会社,CIAO こだわり フレーク まぐろ,https://www.inaba-petfood.co.jp/product/detail/CIAO+%E3%81%93%E3%81%A0%E3%82%8F%E3%82%8A/9707,ウェット,89.2,8.5,78.7,1.9,,,,per_piece,False,no,2026-06-22
いなばペットフード株式会社,CIAO こだわり だしスープ ささみ ほたて貝柱入り,https://www.inaba-petfood.co.jp/product/detail/CIAO+%E3%81%93%E3%81%A0%E3%82%8F%E3%82%8A/9706,ウェット,93.5,4.0,61.5,3.1,,,,per_piece,False,no,2026-06-22
いなばペットフード株式会社,CIAO こだわり だしスープ かつお ほたて貝柱・ささみ入り,https://www.inaba-petfood.co.jp/product/detail/CIAO+%E3%81%93%E3%81%A0%E3%82%8F%E3%82%8A/9705,ウェット,93.5,4.0,61.5,3.1,,,,per_piece,False,no,2026-06-22
いなばペットフード株式会社,CIAO こだわり だしスープ まぐろ ほたて貝柱・ささみ入り,https://www.inaba-petfood.co.jp/product/detail/CIAO+%E3%81%93%E3%81%A0%E3%82%8F%E3%82%8A/9704,ウェット,93.5,4.0,61.5,3.1,,,,per_piece,False,no,2026-06-22
いなばペットフード株式会社,CIAO こだわり テイスト ささみ ほたて味,https://www.inaba-petfood.co.jp/product/detail/CIAO+%E3%81%93%E3%81%A0%E3%82%8F%E3%82%8A/9703,ウェット,92.5,5.0,66.7,2.7,,,,per_piece,False,no,2026-06-22
いなばペットフード株式会社,CIAO こだわり テイスト かつお ささみ・おかか入り,https://www.inaba-petfood.co.jp/product/detail/CIAO+%E3%81%93%E3%81%A0%E3%82%8F%E3%82%8A/9702,ウェット,92.5,5.0,66.7,2.7,,,,per_piece,False,no,2026-06-22
いなばペットフード株式会社,CIAO こだわり テイスト まぐろ ささみ入り ほたて味,https://www.inaba-petfood.co.jp/product/detail/CIAO+%E3%81%93%E3%81%A0%E3%82%8F%E3%82%8A/9701,ウェット,92.5,5.0,66.7,2.7,,,,per_piece,False,no,2026-06-22
いなばペットフード株式会社,CIAO こだわり フレーク まぐろ・かつおバラエティ 24袋入り,https://www.inaba-petfood.co.jp/product/detail/CIAO+%E3%81%93%E3%81%A0%E3%82%8F%E3%82%8A/9713,ウェット,89.2,8.5,78.7,1.9,,,,per_piece,False,no,2026-06-22
いなばペットフード株式会社,CIAO こだわり だしスープ まぐろバラエティ 8袋入り,https://www.inaba-petfood.co.jp/product/detail/CIAO+%E3%81%93%E3%81%A0%E3%82%8F%E3%82%8A/10037,ウェット,93.5,4.0,61.5,3.1,,,,per_piece,False,no,2026-06-22
いなばペットフード株式会社,CIAO こだわり だしスープ まぐろ・ささみバラエティ 8袋入り,https://www.inaba-petfood.co.jp/product/detail/CIAO+%E3%81%93%E3%81%A0%E3%82%8F%E3%82%8A/10036,ウェット,93.5,4.0,61.5,3.1,,,,per_piece,False,no,2026-06-22
いなばペットフード株式会社,CIAO こだわり だしスープ まぐろ・かつおバラエティ 8袋入り,https://www.inaba-petfood.co.jp/product/detail/CIAO+%E3%81%93%E3%81%A0%E3%82%8F%E3%82%8A/10035,ウェット,93.5,4.0,61.5,3.1,,,,per_piece,False,no,2026-06-22
いなばペットフード株式会社,CIAO こだわり テイスト まぐろバラエティ 8袋入り,https://www.inaba-petfood.co.jp/product/detail/CIAO+%E3%81%93%E3%81%A0%E3%82%8F%E3%82%8A/10032,ウェット,92.5,5.0,66.7,2.7,,,,per_piece,False,no,2026-06-22
いなばペットフード株式会社,CIAO こだわり テイスト まぐろ・ささみバラエティ 8袋入り,https://www.inaba-petfood.co.jp/product/detail/CIAO+%E3%81%93%E3%81%A0%E3%82%8F%E3%82%8A/10031,ウェット,92.5,5.0,66.7,2.7,,,,per_piece,False,no,2026-06-22
いなばペットフード株式会社,CIAO こだわり テイスト まぐろ・かつおバラエティ 8袋入り,https://www.inaba-petfood.co.jp/product/detail/CIAO+%E3%81%93%E3%81%A0%E3%82%8F%E3%82%8A/10030,ウェット,92.5,5.0,66.7,2.7,,,,per_piece,False,no,2026-06-22
いなばペットフード株式会社,CIAO こだわり フレーク かつお・削り節バラエティ 8袋入り,https://www.inaba-petfood.co.jp/product/detail/CIAO+%E3%81%93%E3%81%A0%E3%82%8F%E3%82%8A/9712,ウェット,89.2,8.5,78.7,1.9,,,,per_piece,False,no,2026-06-22
いなばペットフード株式会社,CIAO こだわり フレーク まぐろ・削り節バラエティ 8袋入り,https://www.inaba-petfood.co.jp/product/detail/CIAO+%E3%81%93%E3%81%A0%E3%82%8F%E3%82%8A/9711,ウェット,89.2,8.5,78.7,1.9,,,,per_piece,False,no,2026-06-22
いなばペットフード株式会社,CIAO こだわり フレーク まぐろ・かつおバラエティ 8袋入り,https://www.inaba-petfood.co.jp/product/detail/CIAO+%E3%81%93%E3%81%A0%E3%82%8F%E3%82%8A/9710,ウェット,89.2,8.5,78.7,1.9,,,,per_piece,False,no,2026-06-22
いなばペットフード株式会社,CIAO パウチ 贅沢 黒毛和牛 まぐろ・とりささみ,https://www.inaba-petfood.co.jp/product/detail/CIAO+%E3%83%91%E3%82%A6%E3%83%81/6688,ウェット,91.0,7.0,77.8,4.4,,,,per_piece,False,no,2026-06-22
いなばペットフード株式会社,CIAO パウチ 贅沢 サーモン まぐろ・とりささみ,https://www.inaba-petfood.co.jp/product/detail/CIAO+%E3%83%91%E3%82%A6%E3%83%81/6687,ウェット,91.0,7.0,77.8,4.4,,,,per_piece,False,no,2026-06-22
いなばペットフード株式会社,CIAO パウチ 贅沢 ほたて貝柱 まぐろ・とりささみ,https://www.inaba-petfood.co.jp/product/detail/CIAO+%E3%83%91%E3%82%A6%E3%83%81/6686,ウェット,91.0,7.0,77.8,4.4,,,,per_piece,False,no,2026-06-22
いなばペットフード株式会社,CIAO パウチ 贅沢 本まぐろ まぐろ・とりささみ,https://www.inaba-petfood.co.jp/product/detail/CIAO+%E3%83%91%E3%82%A6%E3%83%81/6685,ウェット,91.0,7.0,77.8,4.4,,,,per_piece,False,no,2026-06-22
いなばペットフード株式会社,CIAO パウチ 贅沢バラエティ 24袋入り,https://www.inaba-petfood.co.jp/product/detail/CIAO+%E3%83%91%E3%82%A6%E3%83%81/8027,ウェット,91.0,7.0,77.8,4.4,,,,,False,no,2026-06-22
いなばペットフード株式会社,CIAO とろみ 11歳からのささみ・まぐろ ほたて味 4連パック,https://www.inaba-petfood.co.jp/product/detail/CIAO+%E3%81%A8%E3%82%8D%E3%81%BF/7315,ウェット,91.0,6.5,72.2,2.2,,,,per_piece,False,no,2026-06-22
いなばペットフード株式会社,CIAO とろみ ささみ・まぐろ かつお節入り 4連パック,https://www.inaba-petfood.co.jp/product/detail/CIAO+%E3%81%A8%E3%82%8D%E3%81%BF/7314,ウェット,91.0,6.5,72.2,2.2,,,,per_piece,False,no,2026-06-22
いなばペットフード株式会社,CIAO とろみ ささみ・まぐろ かにかま入り 4連パック,https://www.inaba-petfood.co.jp/product/detail/CIAO+%E3%81%A8%E3%82%8D%E3%81%BF/7313,ウェット,91.0,6.5,72.2,2.2,,,,per_piece,False,no,2026-06-22
日本ペットフード株式会社,ビューティープロ キャット 子猫用 １２ヵ月頃まで,https://www.npf.co.jp/cat-products/cat-detail/bcg,ドライ,10.0,40.0,44.4,14.4,0.7%,0.8,390.0,per_100g,False,yes,2026-06-22
日本ペットフード株式会社,ビューティープロ キャット 成猫用 １歳から,https://www.npf.co.jp/cat-products/cat-detail/bcm,ドライ,10.0,35.0,38.9,11.2,0.7%,0.8,360.0,per_100g,False,yes,2026-06-22
日本ペットフード株式会社,ビューティープロ キャット 成猫用 １歳から チキン味,https://www.npf.co.jp/cat-products/cat-detail/bcmc,ドライ,10.0,35.0,38.9,11.2,0.7%,0.8,360.0,per_100g,False,yes,2026-06-22
日本ペットフード株式会社,ビューティープロ キャット 避妊・去勢後用,https://www.npf.co.jp/cat-products/cat-detail/bcn,ドライ,10.0,35.0,38.9,9.0,0.7%,0.8,340.0,per_100g,False,yes,2026-06-22
日本ペットフード株式会社,ビューティープロ キャット 下部尿路の健康維持 １歳から,https://www.npf.co.jp/cat-products/cat-detail/bcmf,ドライ,10.0,35.0,38.9,11.2,0.7%,0.8,360.0,per_100g,True,yes,2026-06-22
日本ペットフード株式会社,ビューティープロ キャット 下部尿路の健康維持 １歳から チキン味,https://www.npf.co.jp/cat-products/cat-detail/bcmfc,ドライ,10.0,35.0,38.9,11.2,0.7%,0.8,360.0,per_100g,True,yes,2026-06-22
日本ペットフード株式会社,ビューティープロ キャット 下部尿路の健康維持 １１歳以上,https://www.npf.co.jp/cat-products/cat-detail/bc11f,ドライ,10.0,32.0,35.6,9.4,0.6%,0.7,350.0,per_100g,True,yes,2026-06-22
日本ペットフード株式会社,ビューティープロ キャット 下部尿路の健康維持 低脂肪 １歳から,https://www.npf.co.jp/cat-products/cat-detail/bcfl,ドライ,10.0,35.0,38.9,9.0,0.7%,0.8,340.0,per_100g,True,yes,2026-06-22
日本ペットフード株式会社,ビューティープロ キャット 下部尿路の健康維持 低脂肪 １歳から チキン味,https://www.npf.co.jp/cat-products/cat-detail/bcflc,ドライ,10.0,35.0,38.9,9.0,0.7%,0.8,340.0,per_100g,True,yes,2026-06-22
日本ペットフード株式会社,ビューティープロ キャット 腎臓の健康維持 ８歳以上,https://www.npf.co.jp/cat-products/cat-detail/bc8k,ドライ,10.0,30.0,33.3,9.4,0.6%,0.7,350.0,per_100g,True,yes,2026-06-22
日本ペットフード株式会社,ビューティープロ キャット 腎臓の健康維持 １５歳以上,https://www.npf.co.jp/cat-products/cat-detail/bc15k,ドライ,10.0,29.0,32.2,11.1,0.6%,0.7,360.0,per_100g,True,yes,2026-06-22
日本ペットフード株式会社,ビューティープロ キャット Ｗケア 下部尿路・腎臓の健康,https://www.npf.co.jp/cat-products/cat-detail/bcwfk,ドライ,10.0,29.0,32.2,11.1,0.65%,0.7,360.0,per_100g,True,yes,2026-06-22
日本ペットフード株式会社,ビューティープロ キャット Ｗケア 低脂肪・高たんぱく,https://www.npf.co.jp/cat-products/cat-detail/bcwlm,ドライ,10.0,36.5,40.6,9.0,0.7%,0.8,350.0,per_100g,True,yes,2026-06-22
日本ペットフード株式会社,ビューティープロ キャット Ｗケア 腸内・自然免疫ケア,https://www.npf.co.jp/cat-products/cat-detail/bcwci,ドライ,10.0,35.0,38.9,11.1,0.7%,0.8,360.0,per_100g,True,yes,2026-06-22
日本ペットフード株式会社,ビューティープロ キャット パウチ 離乳期,https://www.npf.co.jp/cat-products/cat-detail/bcp1,ウェット,80.6,12.3,63.4,23.2,0.22%,1.1,,per_piece,False,yes,2026-06-22
日本ペットフード株式会社,ビューティープロ キャット パウチ １歳から まぐろ,https://www.npf.co.jp/cat-products/cat-detail/bcp2,ウェット,83.6,10.0,61.0,9.1,0.14%,0.9,,per_piece,False,yes,2026-06-22
日本ペットフード株式会社,ビューティープロ キャット パウチ １歳から かつお,https://www.npf.co.jp/cat-products/cat-detail/bcp3,ウェット,83.6,10.0,61.0,9.1,0.14%,0.9,,per_piece,False,yes,2026-06-22
日本ペットフード株式会社,ビューティープロ キャット パウチ １１歳以上,https://www.npf.co.jp/cat-products/cat-detail/bcp4,ウェット,83.5,7.5,45.5,18.2,0.12%,0.7,,per_piece,False,yes,2026-06-22
日本ペットフード株式会社,ビューティープロ キャット パウチ １５歳以上,https://www.npf.co.jp/cat-products/cat-detail/bcp5,ウェット,85.5,7.0,48.3,21.4,0.12%,0.8,,per_piece,False,yes,2026-06-22
日本ペットフード株式会社,ビューティープロ キャット パウチ 介護期用高栄養食,https://www.npf.co.jp/cat-products/cat-detail/bcp6,ウェット,78.5,7.5,34.9,23.3,0.15%,0.7,,per_piece,False,yes,2026-06-22
日本ペットフード株式会社,コンボ キャット シーフードアソート,https://www.npf.co.jp/cat-products/cat-detail/ccas,ドライ,10.0,29.0,32.2,10.0,0.8%,0.9,360.0,per_100g,False,yes,2026-06-22
日本ペットフード株式会社,コンボ キャット かつお節入りアソート,https://www.npf.co.jp/cat-products/cat-detail/ccak,ドライ,10.0,29.0,32.2,10.0,0.8%,0.9,360.0,per_100g,False,yes,2026-06-22
日本ペットフード株式会社,コンボ キャット 下部尿路の健康維持アソート,https://www.npf.co.jp/cat-products/cat-detail/ccaf,ドライ,10.0,29.0,32.2,10.0,0.7%,0.8,350.0,per_100g,True,yes,2026-06-22
日本ペットフード株式会社,コンボ キャット 毛玉対応アソート,https://www.npf.co.jp/cat-products/cat-detail/ccah,ドライ,10.0,28.5,31.7,10.0,0.8%,0.9,350.0,per_100g,False,yes,2026-06-22
日本ペットフード株式会社,コンボ キャット １１歳以上 毛玉対応アソート,https://www.npf.co.jp/cat-products/cat-detail/cca11,ドライ,10.0,27.5,30.6,9.4,0.6%,0.7,350.0,per_100g,False,yes,2026-06-22
日本ペットフード株式会社,コンボ キャット １５歳以上 毛玉対応アソート,https://www.npf.co.jp/cat-products/cat-detail/cca15,ドライ,10.0,27.5,30.6,9.4,0.6%,0.7,350.0,per_100g,False,yes,2026-06-22
日本ペットフード株式会社,コンボ キャット 子ねこ用 にぼし入りチップ添え,https://www.npf.co.jp/cat-products/cat-detail/ccg,ドライ,10.0,32.0,35.6,11.7,0.8%,0.9,370.0,per_100g,False,yes,2026-06-22
日本ペットフード株式会社,コンボ キャット まぐろ味・カニチップ・まぐろ節添え,https://www.npf.co.jp/cat-products/cat-detail/ccm,ドライ,10.0,29.0,32.2,10.0,0.8%,0.9,360.0,per_100g,False,yes,2026-06-22
日本ペットフード株式会社,コンボ キャット まぐろ味・かつお節・小魚添え,https://www.npf.co.jp/cat-products/cat-detail/cck,ドライ,10.0,29.0,32.2,10.0,0.8%,0.9,360.0,per_100g,False,yes,2026-06-22
日本ペットフード株式会社,コンボ キャット かつお味・鮭チップ・かつお節添え,https://www.npf.co.jp/cat-products/cat-detail/ccs,ドライ,10.0,29.0,32.2,10.0,0.8%,0.9,360.0,per_100g,False,yes,2026-06-22
日本ペットフード株式会社,コンボ キャット まぐろ味・熟成かつお添え,https://www.npf.co.jp/cat-products/cat-detail/ccj,ドライ,10.0,29.0,32.2,10.0,0.8%,0.9,360.0,per_100g,False,yes,2026-06-22
日本ペットフード株式会社,コンボ キャット 肥満が気になる猫用 まぐろ味・かつお節・かつおチップ添え,https://www.npf.co.jp/cat-products/cat-detail/ccl,ドライ,10.0,29.0,32.2,9.0,0.8%,0.9,350.0,per_100g,False,yes,2026-06-22
日本ペットフード株式会社,コンボ キャット 下部尿路の健康維持,https://www.npf.co.jp/cat-products/cat-detail/ccf,ドライ,10.0,29.0,32.2,10.0,0.7%,0.8,350.0,per_100g,True,yes,2026-06-22
日本ペットフード株式会社,コンボ キャット 腎臓の健康維持,https://www.npf.co.jp/cat-products/cat-detail/cckd,ドライ,10.0,26.5,29.4,10.6,0.6%,0.7,350.0,per_100g,True,yes,2026-06-22
日本ペットフード株式会社,コンボ キャット 毛玉対応 まぐろ味・ささみ味チップ・かつお節添え,https://www.npf.co.jp/cat-products/cat-detail/cchc,ドライ,10.0,28.5,31.7,10.0,0.8%,0.9,350.0,per_100g,False,yes,2026-06-22
日本ペットフード株式会社,コンボ キャット 毛玉対応 かつお味・まぐろ節・かつお節添え,https://www.npf.co.jp/cat-products/cat-detail/cch,ドライ,10.0,28.5,31.7,10.0,0.8%,0.9,350.0,per_100g,False,yes,2026-06-22
日本ペットフード株式会社,コンボ キャット 毛玉対応１１歳以上 かつお味・かつおチップ・かつお節添え,https://www.npf.co.jp/cat-products/cat-detail/cch11,ドライ,10.0,27.5,30.6,9.4,0.6%,0.7,350.0,per_100g,False,yes,2026-06-22
日本ペットフード株式会社,コンボ キャット 毛玉対応１５歳以上 かつお味・焼きタラチップ・ちりめん添え,https://www.npf.co.jp/cat-products/cat-detail/cch15,ドライ,10.0,27.5,30.6,9.4,0.6%,0.7,350.0,per_100g,False,yes,2026-06-22
日本ペットフード株式会社,コンボ キャット 連パック 子ねこ用 にぼし入りチップ添え,https://www.npf.co.jp/cat-products/cat-detail/cpg,ドライ,10.0,32.0,35.6,11.7,0.8%,0.9,370.0,per_100g,False,yes,2026-06-22
日本ペットフード株式会社,コンボ キャット 連パック 海の味わいメニュー カニチップ添え,https://www.npf.co.jp/cat-products/cat-detail/cpsc,ドライ,10.0,29.0,32.2,10.0,0.8%,0.9,360.0,per_100g,False,yes,2026-06-22
日本ペットフード株式会社,コンボ キャット 連パック 海の味わいメニュー かつお節添え,https://www.npf.co.jp/cat-products/cat-detail/cpsk,ドライ,10.0,29.0,32.2,10.0,0.8%,0.9,360.0,per_100g,False,yes,2026-06-22
日本ペットフード株式会社,コンボ キャット 連パック 海の味わいメニュー 鮭チップ添え,https://www.npf.co.jp/cat-products/cat-detail/cpss,ドライ,10.0,29.0,32.2,10.0,0.8%,0.9,360.0,per_100g,False,yes,2026-06-22
日本ペットフード株式会社,コンボ キャット 連パック 海の味わいメニュー 熟成かつお添え,https://www.npf.co.jp/cat-products/cat-detail/cpjk,ドライ,10.0,29.0,32.2,10.0,0.8%,0.9,360.0,per_100g,False,yes,2026-06-22
日本ペットフード株式会社,コンボ キャット 連パック 下部尿路の健康維持,https://www.npf.co.jp/cat-products/cat-detail/cpf,ドライ,10.0,29.0,32.2,10.0,0.7%,0.8,350.0,per_100g,True,yes,2026-06-22
日本ペットフード株式会社,コンボ キャット 連パック 腎臓の健康維持,https://www.npf.co.jp/cat-products/cat-detail/cpkd,ドライ,10.0,26.5,29.4,10.6,0.6%,0.7,350.0,per_100g,True,yes,2026-06-22
日本ペットフード株式会社,コンボ キャット 連パック 毛玉対応メニュー ささみ味チップ・かつお節添え,https://www.npf.co.jp/cat-products/cat-detail/cphk,ドライ,10.0,28.5,31.7,10.0,0.8%,0.9,350.0,per_100g,False,yes,2026-06-22
日本ペットフード株式会社,コンボ キャット 連パック 毛玉対応メニュー まぐろ節・かつお節添え,https://www.npf.co.jp/cat-products/cat-detail/cphf,ドライ,10.0,28.5,31.7,10.0,0.8%,0.9,350.0,per_100g,False,yes,2026-06-22
日本ペットフード株式会社,コンボ キャット 連パック 毛玉対応メニュー １１歳以上 かつお節添え,https://www.npf.co.jp/cat-products/cat-detail/cph11,ドライ,10.0,27.5,30.6,9.4,0.6%,0.7,350.0,per_100g,False,yes,2026-06-22
日本ペットフード株式会社,コンボ ピュア キャット まぐろ味・鶏肉・かつお節添え,https://www.npf.co.jp/cat-products/cat-detail/cpck,ドライ,10.0,27.0,30.0,10.0,0.7%,0.8,350.0,per_100g,False,yes,2026-06-22
日本ペットフード株式会社,コンボ ピュア キャット まぐろ味・鶏肉・小魚添え,https://www.npf.co.jp/cat-products/cat-detail/cpcf,ドライ,10.0,27.0,30.0,10.0,0.7%,0.8,350.0,per_100g,False,yes,2026-06-22
日本ペットフード株式会社,コンボ ピュア キャット まぐろ味・角切りまぐろ・かつお節添え,https://www.npf.co.jp/cat-products/cat-detail/cpcm,ドライ,10.0,27.0,30.0,10.0,0.7%,0.8,350.0,per_100g,False,yes,2026-06-22
日本ペットフード株式会社,コンボ ピュア キャット まぐろ味・チーズ・かつお節添え,https://www.npf.co.jp/cat-products/cat-detail/cpcz,ドライ,10.0,27.0,30.0,10.0,0.7%,0.8,350.0,per_100g,False,yes,2026-06-22
日本ペットフード株式会社,コンボ ピュア キャット まぐろ味・サーモン＆チキン添え,https://www.npf.co.jp/cat-products/cat-detail/cpcs,ドライ,10.0,27.0,30.0,10.0,0.7%,0.8,350.0,per_100g,False,yes,2026-06-22
日本ペットフード株式会社,コンボ ピュア キャット 避妊・去勢後用 まぐろ味・鶏肉・かつお節添え,https://www.npf.co.jp/cat-products/cat-detail/cpcl,ドライ,10.0,27.0,30.0,9.0,0.8%,0.9,345.0,per_100g,False,yes,2026-06-22
日本ペットフード株式会社,コンボ ピュア キャット 毛玉排出サポート まぐろ味・鶏肉・かつお節添え,https://www.npf.co.jp/cat-products/cat-detail/cpch,ドライ,10.0,27.0,30.0,10.0,0.8%,0.9,350.0,per_100g,False,yes,2026-06-22
日本ペットフード株式会社,コンボ ピュア キャット １５歳以上用 まぐろ味・鶏肉・かつお節添え,https://www.npf.co.jp/cat-products/cat-detail/cpc15,ドライ,10.0,26.0,28.9,10.0,0.5%,0.6,360.0,per_100g,False,yes,2026-06-22
日本ペットフード株式会社,コンボ ピュア キャット まぐろ味・チーズ＆まぐろ節パウダー仕立て,https://www.npf.co.jp/cat-products/cat-detail/cpcmz,ドライ,10.0,27.0,30.0,10.0,0.7%,0.8,350.0,per_100g,False,yes,2026-06-22
日本ペットフード株式会社,コンボ ピュア キャット チキン味・チーズ＆まぐろ節パウダー仕立て,https://www.npf.co.jp/cat-products/cat-detail/cpccz,ドライ,10.0,27.0,30.0,10.0,0.7%,0.8,350.0,per_100g,False,yes,2026-06-22
日本ペットフード株式会社,コンボ ピュア キャット まぐろ味・鶏パウダー仕立て,https://www.npf.co.jp/cat-products/cat-detail/cpcmt,ドライ,10.0,27.0,30.0,10.0,0.7%,0.8,350.0,per_100g,False,yes,2026-06-22
日本ペットフード株式会社,コンボ ピュア キャット チキン味・鶏パウダー仕立て,https://www.npf.co.jp/cat-products/cat-detail/cpcct,ドライ,10.0,27.0,30.0,10.0,0.7%,0.8,350.0,per_100g,False,yes,2026-06-22
日本ペットフード株式会社,コンボ ピュア キャット パウチ かつお・国産かつおだし入り,https://www.npf.co.jp/cat-products/cat-detail/cpcp1,ウェット,91.0,5.5,61.1,1.1,,,,per_piece,False,no,2026-06-22
日本ペットフード株式会社,コンボ ピュア キャット パウチ かつお・国産真鯛だし入り,https://www.npf.co.jp/cat-products/cat-detail/cpcp2,ウェット,91.0,5.5,61.1,1.1,,,,per_piece,False,no,2026-06-22
日本ペットフード株式会社,コンボ ピュア キャット パウチ まぐろ・国産煮干しだし入り,https://www.npf.co.jp/cat-products/cat-detail/cpcp3,ウェット,91.0,5.5,61.1,1.1,,,,per_piece,False,no,2026-06-22
日本ペットフード株式会社,コンボ ピュア キャット パウチ まぐろ・国産合わせだし入り,https://www.npf.co.jp/cat-products/cat-detail/cpcp4,ウェット,91.0,5.5,61.1,1.1,,,,per_piece,False,no,2026-06-22
日本ペットフード株式会社,コンボ ピュア キャット パウチ 鶏＆かつお・国産鶏だし入り,https://www.npf.co.jp/cat-products/cat-detail/cpcp5,ウェット,91.0,5.5,61.1,1.1,,,,per_piece,False,no,2026-06-22
日本ペットフード株式会社,コンボ ピュア キャット パウチ 鶏＆かつお・国産昆布だし入り,https://www.npf.co.jp/cat-products/cat-detail/cpcp6,ウェット,91.0,5.5,61.1,1.1,,,,per_piece,False,no,2026-06-22
日本ペットフード株式会社,コンボ プレゼント キャット おやつ 子ねこの健康維持,https://www.npf.co.jp/cat-products/cat-detail/pnokt,ドライ,10.0,35.0,38.9,13.3,0.7%,0.8,,per_piece,False,yes,2026-06-22
日本ペットフード株式会社,コンボ プレゼント キャット おやつ 男の子 お魚味,https://www.npf.co.jp/cat-products/cat-detail/pnobf,ドライ,10.0,29.0,32.2,14.4,0.8%,0.9,,per_piece,False,yes,2026-06-22
日本ペットフード株式会社,コンボ プレゼント キャット おやつ 女の子 シーフードミックス味,https://www.npf.co.jp/cat-products/cat-detail/pnogs,ドライ,10.0,29.0,32.2,14.4,0.8%,0.9,,per_piece,False,yes,2026-06-22
日本ペットフード株式会社,コンボ プレゼント キャット おやつ 毛玉対応,https://www.npf.co.jp/cat-products/cat-detail/pnoh,ドライ,10.0,28.5,31.7,11.1,0.8%,0.9,,per_piece,False,yes,2026-06-22
日本ペットフード株式会社,コンボ プレゼント キャット おやつ 低脂肪 避妊・去勢後用,https://www.npf.co.jp/cat-products/cat-detail/pnol,ドライ,10.0,29.0,32.2,10.0,0.8%,0.9,,per_piece,False,yes,2026-06-22
日本ペットフード株式会社,コンボ プレゼント キャット おやつ 歯の健康と口臭ケア,https://www.npf.co.jp/cat-products/cat-detail/pnod,ドライ,10.0,29.0,32.2,11.1,0.8%,0.9,,per_piece,False,yes,2026-06-22
日本ペットフード株式会社,コンボ プレゼント キャット おやつ 歯の健康と口臭ケア お肉ミックス味,https://www.npf.co.jp/cat-products/cat-detail/pnodm,ドライ,10.0,29.0,32.2,11.1,0.8%,0.9,,per_piece,False,yes,2026-06-22
日本ペットフード株式会社,コンボ プレゼント キャット おやつ 下部尿路の健康維持,https://www.npf.co.jp/cat-products/cat-detail/pnof,ドライ,10.0,29.0,32.2,11.1,0.7%,0.8,,per_piece,True,yes,2026-06-22
日本ペットフード株式会社,コンボ プレゼント キャット おやつ 腎臓の健康維持,https://www.npf.co.jp/cat-products/cat-detail/pnok,ドライ,10.0,26.5,29.4,11.1,0.6%,0.7,,per_piece,True,yes,2026-06-22
日本ペットフード株式会社,コンボ プレゼント キャット おやつ 腎臓の健康維持 お肉ミックス味,https://www.npf.co.jp/cat-products/cat-detail/pnokm,ドライ,10.0,26.5,29.4,11.1,0.6%,0.7,,per_piece,True,yes,2026-06-22
日本ペットフード株式会社,コンボ プレゼント キャット おやつ 腸内環境の維持,https://www.npf.co.jp/cat-products/cat-detail/pnoc,ドライ,10.0,28.5,31.7,11.1,0.8%,0.9,,per_piece,False,yes,2026-06-22
日本ペットフード株式会社,コンボ プレゼント キャット おやつ 免疫力の維持,https://www.npf.co.jp/cat-products/cat-detail/pnoi,ドライ,10.0,28.5,31.7,11.1,0.8%,0.9,,per_piece,False,yes,2026-06-22
日本ペットフード株式会社,コンボ プレゼント キャット おやつ 室内猫用 サーモンミックス味,https://www.npf.co.jp/cat-products/cat-detail/pnoms,ドライ,10.0,28.5,31.7,11.1,0.8%,0.9,,per_piece,False,yes,2026-06-22
日本ペットフード株式会社,コンボ プレゼント キャット おやつ 室内猫用 まぐろミックス味,https://www.npf.co.jp/cat-products/cat-detail/pnomg,ドライ,10.0,28.5,31.7,11.1,0.8%,0.9,,per_piece,False,yes,2026-06-22
日本ペットフード株式会社,コンボ プレゼント キャット おやつ 歯の健康と口臭ケア ３種のバラエティパック,https://www.npf.co.jp/cat-products/cat-detail/pnodv,ドライ,10.0,29.0,32.2,11.1,0.8%,0.9,,per_piece,False,yes,2026-06-22
日本ペットフード株式会社,コンボ プレゼント キャット おやつ 下部尿路の健康維持 ３種のバラエティパック,https://www.npf.co.jp/cat-products/cat-detail/pnofv,ドライ,10.0,29.0,32.2,11.1,0.7%,0.8,,per_piece,True,yes,2026-06-22
日本ペットフード株式会社,コンボ プレゼント キャット おやつ 腎臓の健康維持 ３種のバラエティパック,https://www.npf.co.jp/cat-products/cat-detail/pnokv,ドライ,10.0,26.5,29.4,11.1,0.6%,0.7,,per_piece,False,yes,2026-06-22
日本ペットフード株式会社,コンボ プレゼント キャット おやつ 腸内環境の維持 ３種のバラエティパック,https://www.npf.co.jp/cat-products/cat-detail/pnocv,ドライ,10.0,28.5,31.7,11.1,0.8%,0.9,,per_piece,False,yes,2026-06-22
日本ペットフード株式会社,コンボ プレゼント キャット おやつ 免疫力の維持 ３種のバラエティパック,https://www.npf.co.jp/cat-products/cat-detail/pnoiv,ドライ,10.0,28.5,31.7,11.1,0.8%,0.9,,per_piece,False,yes,2026-06-22
日本ペットフード株式会社,コンボ プレゼント キャット おやつ お魚セレクション ３種のバラエティパック,https://www.npf.co.jp/cat-products/cat-detail/pnomv,ドライ,10.0,28.5,31.7,11.1,0.8%,0.9,,per_piece,False,yes,2026-06-22
日本ペットフード株式会社,ラシーネ 日本猫,https://www.npf.co.jp/cat-products/cat-detail/lcn,ドライ,10.0,27.0,30.0,11.7,0.8%,0.9,360.0,per_100g,False,yes,2026-06-22
日本ペットフード株式会社,ラシーネ 日本猫 避妊・去勢後用,https://www.npf.co.jp/cat-products/cat-detail/lcnl,ドライ,10.0,27.0,30.0,10.0,0.8%,0.9,355.0,per_100g,False,yes,2026-06-22
日本ペットフード株式会社,ラシーネ 日本猫 にぼし削り入り,https://www.npf.co.jp/cat-products/cat-detail/lcnn,ドライ,10.0,27.0,30.0,11.7,0.8%,0.9,360.0,per_100g,False,yes,2026-06-22
日本ペットフード株式会社,ラシーネ 日本猫 １１歳以上,https://www.npf.co.jp/cat-products/cat-detail/lcn11,ドライ,10.0,26.0,28.9,11.1,0.6%,0.7,360.0,per_100g,False,yes,2026-06-22
日本ペットフード株式会社,ミオドライミックス 子ねこ用 お肉とお魚ミックス味,https://www.npf.co.jp/cat-products/cat-detail/mxmg,ドライ,10.0,30.0,33.3,12.2,0.7%,0.8,370.0,per_100g,False,yes,2026-06-22
日本ペットフード株式会社,ミオドライミックス まぐろ味,https://www.npf.co.jp/cat-products/cat-detail/mxmm,ドライ,10.0,27.0,30.0,9.4,0.7%,0.8,350.0,per_100g,False,yes,2026-06-22
日本ペットフード株式会社,ミオドライミックス かつお味,https://www.npf.co.jp/cat-products/cat-detail/mxmk,ドライ,10.0,27.0,30.0,9.4,0.7%,0.8,350.0,per_100g,False,yes,2026-06-22
日本ペットフード株式会社,ミオドライミックス お肉とお魚ミックス味,https://www.npf.co.jp/cat-products/cat-detail/mxmc,ドライ,10.0,27.0,30.0,9.4,0.7%,0.8,350.0,per_100g,False,yes,2026-06-22
日本ペットフード株式会社,ミオドライミックス 毛玉対応 かつお味,https://www.npf.co.jp/cat-products/cat-detail/mxmh,ドライ,10.0,27.0,30.0,9.4,0.7%,0.8,350.0,per_100g,False,yes,2026-06-22
日本ペットフード株式会社,ミオドライミックス 毛玉対応 １１歳以上かつお味,https://www.npf.co.jp/cat-products/cat-detail/mxm11,ドライ,10.0,24.0,26.7,9.4,0.5%,0.6,350.0,per_100g,False,yes,2026-06-22
ロイヤルカナンジャポン合同会社,アメリカンショートヘアー（成猫用 ドライ）,https://www.royalcanin.com/jp/cats/products/retail-products/american-shorthair-adult-4350,ドライ,6.5,29.0,31.0,15.0,0.75%,0.8,383.0,per_100g,True,yes,2026-06-22
ロイヤルカナンジャポン合同会社,ベンガル（成猫用 ドライ）【マイ ロイヤルカナン限定】,https://www.royalcanin.com/jp/cats/products/retail-products/bengal-adult-4370,ドライ,6.5,38.0,40.6,17.1,0.90%,1.0,404.0,per_100g,True,yes,2026-06-22
ロイヤルカナンジャポン合同会社,ノルウェージャン フォレスト キャット（成猫用 ドライ）,https://www.royalcanin.com/jp/cats/products/retail-products/norwegian-forest-cat-adult-2516,ドライ,6.5,28.0,29.9,15.0,0.80%,0.9,382.0,per_100g,True,yes,2026-06-22
ロイヤルカナンジャポン合同会社,ラグドール（成猫用 ドライ）,https://www.royalcanin.com/jp/cats/products/retail-products/ragdoll-adult-2515,ドライ,6.5,30.0,32.1,17.1,0.80%,0.9,399.0,per_100g,True,yes,2026-06-22
ロイヤルカナンジャポン合同会社,ブリティッシュ ショートヘアー（子猫用 ドライ）【マイ ロイヤルカナン限定】,https://www.royalcanin.com/jp/cats/products/retail-products/british-shorthair-kitten-2566,ドライ,6.5,35.0,37.4,19.3,0.96%,1.0,419.0,per_100g,True,yes,2026-06-22
ロイヤルカナンジャポン合同会社,ペルシャ・チンチラ・ヒマラヤン（子猫用 ドライ）,https://www.royalcanin.com/jp/cats/products/retail-products/persian-kitten-2554,ドライ,6.5,30.0,32.1,21.4,1.00%,1.1,422.0,per_100g,True,yes,2026-06-22
ロイヤルカナンジャポン合同会社,ペルシャ・チンチラ・ヒマラヤン（成猫用 ドライ）,https://www.royalcanin.com/jp/cats/products/retail-products/persian-adult-2552,ドライ,6.5,28.0,29.9,21.4,0.80%,0.9,414.0,per_100g,True,yes,2026-06-22
ロイヤルカナンジャポン合同会社,メインクーン（成猫用 ドライ）,https://www.royalcanin.com/jp/cats/products/retail-products/maine-coon-adult-2550,ドライ,6.5,29.0,31.0,19.3,0.84%,0.9,403.0,per_100g,True,yes,2026-06-22
ロイヤルカナンジャポン合同会社,シャム猫（成猫用 ドライ）,https://www.royalcanin.com/jp/cats/products/retail-products/siamese-adult-2551,ドライ,6.5,36.0,38.5,15.0,0.80%,0.9,404.0,per_100g,True,yes,2026-06-22
ロイヤルカナンジャポン合同会社,メインクーン（子猫用 ドライ）【マイ ロイヤルカナン限定】,https://www.royalcanin.com/jp/cats/products/retail-products/maine-coon-kitten-2558,ドライ,6.5,34.0,36.4,22.5,1.15%,1.2,426.0,per_100g,True,yes,2026-06-22
ロイヤルカナンジャポン合同会社,ブリティッシュ ショートヘアー (成猫用 ドライ）,https://www.royalcanin.com/jp/cats/products/retail-products/british-shorthair-adult-2557,ドライ,6.5,32.0,34.2,18.2,0.79%,0.8,401.0,per_100g,True,yes,2026-06-22
ロイヤルカナンジャポン合同会社,アペタイトコントロール （成猫用 ウェット）,https://www.royalcanin.com/jp/cats/products/retail-products/appetite-control-care-gravy-1466,ウェット,85.3,6.2,42.2,1.4,0.17%,1.2,75.0,per_100g,True,yes,2026-06-22
ロイヤルカナンジャポン合同会社,インドア 7+ ゼリー（室内 中高齢猫用 ウェット）,https://www.royalcanin.com/jp/cats/products/retail-products/indoor-sterilised-7%2b--morsels-in-jelly-1313,ウェット,84.2,8.1,51.3,7.0,0.17%,1.1,80.0,per_100g,True,yes,2026-06-22
ロイヤルカナンジャポン合同会社,ユリナリー ケア（成猫用 ドライ）,https://www.royalcanin.com/jp/cats/products/retail-products/urinary-care-1800,ドライ,6.5,31.0,33.2,11.8,0.74%,0.8,375.0,per_100g,True,yes,2026-06-22
ロイヤルカナンジャポン合同会社,インドア ローフ（室内 成猫用 ウェット）,https://www.royalcanin.com/jp/cats/products/retail-products/indoor-sterilised-in-loaf-1293,ウェット,83.4,8.8,53.0,7.2,0.16%,1.0,83.0,per_100g,True,yes,2026-06-22
ロイヤルカナンジャポン合同会社,インドア ゼリー（室内 成猫用 ウェット）,https://www.royalcanin.com/jp/cats/products/retail-products/indoor-sterilised-morsels-in-jelly-1288,ウェット,84.0,7.7,48.1,8.1,0.23%,1.4,85.0,per_100g,True,yes,2026-06-22
ロイヤルカナンジャポン合同会社,マザー & ベビーキャット（子猫/母猫用 ウェット）,https://www.royalcanin.com/jp/cats/products/retail-products/mother-%26-babycat-ultra-soft-mousse-4098,ウェット,81.5,8.5,45.9,18.9,0.28%,1.5,96.0,per_100g,True,yes,2026-06-22
ロイヤルカナンジャポン合同会社,インドア 7+ グレービー（室内 中高齢猫用 ウェット）,https://www.royalcanin.com/jp/cats/products/retail-products/indoor-sterilised-7%2b-morsels-in-gravy-1305,ウェット,83.7,8.4,51.5,5.5,0.17%,1.0,86.0,per_100g,True,yes,2026-06-22
ロイヤルカナンジャポン合同会社,キトン ゼリー（子猫用 ウェット）,https://www.royalcanin.com/jp/cats/products/retail-products/kitten--chunks-in-jelly-4150,ウェット,82.8,10.0,58.1,11.6,0.21%,1.2,97.0,per_100g,True,yes,2026-06-22
ロイヤルカナンジャポン合同会社,ユリナリー ケア（成猫用 ウェット）,https://www.royalcanin.com/jp/cats/products/retail-products/urinary-care-gravy-4157,ウェット,84.7,7.2,47.1,6.5,0.21%,1.4,83.0,per_100g,True,yes,2026-06-22
ロイヤルカナンジャポン合同会社,キトン ローフ（子猫用 ウェット）,https://www.royalcanin.com/jp/cats/products/retail-products/kitten-loaf-in-sauce-4145,ウェット,81.4,10.0,53.8,10.2,0.21%,1.1,100.0,per_100g,True,yes,2026-06-22
ロイヤルカナンジャポン合同会社,インスティンクティブ ローフ（成猫用 ウェット）,https://www.royalcanin.com/jp/cats/products/retail-products/instinctive-loaf-4146,ウェット,83.0,10.0,58.8,7.1,0.28%,1.6,89.0,per_100g,True,yes,2026-06-22
ロイヤルカナンジャポン合同会社,インドア グレービー（室内 成猫用 ウェット）,https://www.royalcanin.com/jp/cats/products/retail-products/indoor-sterilized-morsels-in-gravy-1278,ウェット,83.6,7.7,47.0,7.9,0.24%,1.5,86.0,per_100g,True,yes,2026-06-22
ロイヤルカナンジャポン合同会社,ヘアボール ケア（成猫用 ウェット）,https://www.royalcanin.com/jp/cats/products/retail-products/hairball-care-gravy-4158,ウェット,84.1,9.0,56.6,4.4,0.19%,1.2,84.0,per_100g,True,yes,2026-06-22
ロイヤルカナンジャポン合同会社,ステアライズド（避妊・去勢後 成猫用 ウェット）,https://www.royalcanin.com/jp/cats/products/retail-products/sterilised-gravy-4095,ウェット,84.0,6.9,43.1,3.8,0.23%,1.4,80.0,per_100g,True,yes,2026-06-22
ロイヤルカナンジャポン合同会社,エイジング 15+ （高齢猫用 ウェット）,https://www.royalcanin.com/jp/cats/products/retail-products/ageing-15%2b-chunks-in-gravy-8076,ウェット,82.1,7.6,42.5,14.0,0.14%,0.8,103.0,per_100g,True,yes,2026-06-22
ロイヤルカナンジャポン合同会社,エクシジェント トライアルセット（成猫用 ドライ）,https://www.royalcanin.com/jp/cats/products/retail-products/exigent-trial-set-8094,ドライ,6.5,31.0,33.2,15.0,0.90%,1.0,395.0,per_100g,True,yes,2026-06-22
ロイヤルカナンジャポン合同会社,エイジング 15+ (高齢猫用 ドライ）,https://www.royalcanin.com/jp/cats/products/retail-products/ageing-15%2b-8075,ドライ,6.5,29.0,31.0,20.3,0.63%,0.7,422.0,per_100g,True,yes,2026-06-22
ロイヤルカナンジャポン合同会社,エイジング 11+ (高齢猫用 ドライ）,https://www.royalcanin.com/jp/cats/products/retail-products/ageing-11%2b-2561/ageing11,ドライ,6.5,28.0,29.9,16.0,0.68%,0.7,403.0,per_100g,True,yes,2026-06-22
ロイヤルカナンジャポン合同会社,ステアライズド 7+（避妊・去勢後 中高齢猫用 ドライ）,https://www.royalcanin.com/jp/cats/products/retail-products/sterilised-7%2b-2560,ドライ,6.5,34.0,36.4,10.7,0.70%,0.7,368.0,per_100g,True,yes,2026-06-22
ロイヤルカナンジャポン合同会社,デンタルケア （歯垢・歯石が気になる成猫用 ドライ）,https://www.royalcanin.com/jp/cats/products/retail-products/dental-care-2532,ドライ,9.0,28.0,30.8,14.3,0.95%,1.0,371.0,per_100g,True,yes,2026-06-22
ロイヤルカナンジャポン合同会社,ヘアボール ケア（成猫用 ドライ）,https://www.royalcanin.com/jp/cats/products/retail-products/hairball-care-2534,ドライ,6.5,32.0,34.2,13.9,1.00%,1.1,377.0,per_100g,True,yes,2026-06-22
ロイヤルカナンジャポン合同会社,インドア 7+（室内 中高齢猫用 ドライ）,https://www.royalcanin.com/jp/cats/products/retail-products/indoor-7%2b-2548,ドライ,6.5,25.0,26.7,11.8,0.75%,0.8,377.0,per_100g,True,yes,2026-06-22
ロイヤルカナンジャポン合同会社,ステアライズド（避妊・去勢後 成猫用 ドライ）,https://www.royalcanin.com/jp/cats/products/retail-products/sterilised-37-2537,ドライ,6.5,35.0,37.4,10.7,1.00%,1.1,363.0,per_100g,True,yes,2026-06-22
ロイヤルカナンジャポン合同会社,セイバー エクシジェント (成猫用 ドライ）,https://www.royalcanin.com/jp/cats/products/retail-products/savour-exigent-2531,ドライ,6.5,31.0,33.2,15.0,0.90%,1.0,395.0,per_100g,True,yes,2026-06-22
ロイヤルカナンジャポン合同会社,マザー & ベビーキャット（子猫/母猫用 ドライ）,https://www.royalcanin.com/jp/cats/products/retail-products/mother-%26-babycat-2544,ドライ,6.5,32.0,34.2,24.6,1.02%,1.1,442.0,per_100g,True,yes,2026-06-22
ロイヤルカナンジャポン合同会社,プロテイン エクシジェント（成猫用 ドライ）,https://www.royalcanin.com/jp/cats/products/retail-products/protein-exigent-2542,ドライ,6.5,39.0,41.7,13.9,1.18%,1.3,391.0,per_100g,True,yes,2026-06-22
ロイヤルカナンジャポン合同会社,フィット（成猫用 ドライ）,https://www.royalcanin.com/jp/cats/products/retail-products/fit-32-2520,ドライ,6.5,30.0,32.1,13.9,1.04%,1.1,385.0,per_100g,True,yes,2026-06-22
ロイヤルカナンジャポン合同会社,アロマエクシジェント（成猫用 ドライ）,https://www.royalcanin.com/jp/cats/products/retail-products/aroma-exigent-2543,ドライ,6.5,31.0,33.2,13.9,1.10%,1.2,387.0,per_100g,True,yes,2026-06-22
ロイヤルカナンジャポン合同会社,ベビーキャットミルク,https://www.royalcanin.com/jp/cats/products/retail-products/babycat-milk-2553,ドライ,3.5,31.0,32.1,38.3,0.80%,0.8,538.0,per_100g,True,yes,2026-06-22
ロイヤルカナンジャポン合同会社,インドア ロングヘアー（室内 成猫用 ドライ）,https://www.royalcanin.com/jp/cats/products/retail-products/indoor-long-hair-2549,ドライ,6.5,28.0,29.9,13.9,1.00%,1.1,382.0,per_100g,True,yes,2026-06-22
ロイヤルカナンジャポン合同会社,アペタイトコントロール（成猫用 ドライ）,https://www.royalcanin.com/jp/cats/products/retail-products/appetite-control-care-2563,ドライ,6.5,32.0,34.2,10.7,1.00%,1.1,341.0,per_100g,True,yes,2026-06-22
ロイヤルカナンジャポン合同会社,インドア 7+ ローフ（室内 中高齢猫用 ウェット）,https://www.royalcanin.com/jp/cats/products/retail-products/indoor-sterilised-7%2b-in-loaf-1315,ウェット,83.9,8.9,55.3,6.2,0.16%,1.0,83.0,per_100g,True,yes,2026-06-22
ロイヤルカナンジャポン合同会社,エイジング ステアライズド（避妊・去勢後 高齢猫用 ドライ ）,https://www.royalcanin.com/jp/cats/products/retail-products/ageing-11%2b-sterilised-2565/ageing11sterilised,ドライ,6.5,28.0,29.9,11.2,0.62%,0.7,378.0,per_100g,True,yes,2026-06-22
ロイヤルカナンジャポン合同会社,ライト ウェイト ケア (成猫用 ウェット),https://www.royalcanin.com/jp/cats/products/retail-products/light-weight-care-gravy-4070,ウェット,85.0,8.0,53.3,0.7,0.23%,1.5,73.0,per_100g,True,yes,2026-06-22
ロイヤルカナンジャポン合同会社,センサリー スメル（成猫用 ウェット）,https://www.royalcanin.com/jp/cats/products/retail-products/sensory-smell-chunks-in-gravy-1517,ウェット,82.6,9.4,54.0,4.0,0.20%,1.1,92.0,per_100g,True,yes,2026-06-22
ロイヤルカナンジャポン合同会社,ヘアー＆スキン ケア（成猫用 ドライ）,https://www.royalcanin.com/jp/cats/products/retail-products/hair%26skin-care-2526/2,ドライ,6.5,31.0,33.2,21.4,0.90%,1.0,415.0,per_100g,True,yes,2026-06-22
ロイヤルカナンジャポン合同会社,センシブル (成猫用 ドライ),https://www.royalcanin.com/jp/cats/products/retail-products/sensible-33-2521,ドライ,6.5,31.0,33.2,21.4,1.00%,1.1,428.0,per_100g,True,yes,2026-06-22
ロイヤルカナンジャポン合同会社,インドア （室内 成猫用 ドライ）,https://www.royalcanin.com/jp/cats/products/retail-products/indoor-27-2529,ドライ,6.5,25.0,26.7,11.8,0.80%,0.9,374.0,per_100g,True,yes,2026-06-22
ロイヤルカナンジャポン合同会社,ライト ウェイト ケア (成猫用 ドライ),https://www.royalcanin.com/jp/cats/products/retail-products/light-weight-care-2524,ドライ,6.5,34.0,36.4,8.6,0.90%,1.0,335.0,per_100g,True,yes,2026-06-22
ロイヤルカナンジャポン合同会社,キトン（成長後期 子猫用 ドライ）,https://www.royalcanin.com/jp/cats/products/retail-products/kitten-2522,ドライ,6.5,34.0,36.4,17.1,1.10%,1.2,407.0,per_100g,True,yes,2026-06-22
ロイヤルカナンジャポン合同会社,インスティンクティブ 7+（中高齢猫用 ウェット）,https://www.royalcanin.com/jp/cats/products/retail-products/instinctive-7%2b-gravy-4083,ウェット,83.5,8.5,51.5,3.0,0.15%,0.9,86.0,per_100g,True,yes,2026-06-22
ロイヤルカナンジャポン合同会社,ダイジェスティブ ケア（成猫用 ドライ）,https://www.royalcanin.com/jp/cats/products/retail-products/digestive-care-2555,ドライ,6.5,36.0,38.5,13.9,0.95%,1.0,390.0,per_100g,True,yes,2026-06-22
ロイヤルカナンジャポン合同会社,ヘアー＆スキン ケア （成猫用 ウェット）,https://www.royalcanin.com/jp/cats/products/retail-products/hair%26skin-thin-slices-in-jelly-4151,ウェット,80.5,10.0,51.3,8.7,0.15%,0.8,103.0,per_100g,True,yes,2026-06-22
ロイヤルカナンジャポン合同会社,エイジング 11+ （高齢猫用 ウェット）,https://www.royalcanin.com/jp/cats/products/retail-products/ageing-11%2b-chunks-in-gravy-4082/ageing11wet,ウェット,83.7,7.6,46.6,12.3,0.15%,0.9,93.0,per_100g,True,yes,2026-06-22
ロイヤルカナンジャポン合同会社,インスティンクティブ ゼリー（成猫用 ウェット）,https://www.royalcanin.com/jp/cats/products/retail-products/instinctive-jelly-4074,ウェット,83.0,9.9,58.2,14.7,0.20%,1.2,98.0,per_100g,True,yes,2026-06-22
ロイヤルカナンジャポン合同会社,インスティンクティブ グレービー（成猫用 ウェット）,https://www.royalcanin.com/jp/cats/products/retail-products/instinctive-gravy-4059,ウェット,82.5,9.8,56.0,2.9,0.19%,1.1,92.0,per_100g,True,yes,2026-06-22
ロイヤルカナンジャポン合同会社,キトン グレービー（子猫用 ウェット）,https://www.royalcanin.com/jp/cats/products/retail-products/kitten-chunks-in-gravy-4058,ウェット,81.2,10.0,53.2,10.6,0.26%,1.4,103.0,per_100g,True,yes,2026-06-22
ロイヤルカナンジャポン合同会社,腎臓サポート フィッシュテイスト（猫用 ウェット）,https://www.royalcanin.com/jp/cats/products/vet-products/renal-with-fish-4067,ウェット,83.0,4.6,27.1,23.5,,,102.0,per_100g,True,no,2026-06-22
ロイヤルカナンジャポン合同会社,早期腎臓サポート（猫用 ウェット）,https://www.royalcanin.com/jp/cats/products/vet-products/early-renal-1243,ウェット,81.0,6.5,34.2,15.8,,,104.0,per_100g,True,no,2026-06-22
ロイヤルカナンジャポン合同会社,腎臓サポート セレクション （猫用 ドライ）,https://www.royalcanin.com/jp/cats/products/vet-products/renal-select-4160,ドライ,6.5,22.5,24.1,20.3,,,411.0,per_100g,True,no,2026-06-22
ロイヤルカナンジャポン合同会社,腎臓サポート チキンテイスト（猫用 ウェット）,https://www.royalcanin.com/jp/cats/products/vet-products/renal-with-chicken-4030,ウェット,80.0,5.8,29.0,30.0,,,127.0,per_100g,True,no,2026-06-22
ロイヤルカナンジャポン合同会社,ユリナリーS/O＋CLT （猫用 ドライ）,https://www.royalcanin.com/jp/cats/products/vet-products/urinary-so-%2b-calm-6533,ドライ,6.5,32.0,34.2,9.6,,,356.0,per_100g,True,no,2026-06-22
ロイヤルカナンジャポン合同会社,アミノペプチド フォーミュラ（猫用 ドライ）,https://www.royalcanin.com/jp/cats/products/vet-products/anallergenic-1950,ドライ,6.5,22.6,24.2,16.0,,,394.0,per_100g,True,no,2026-06-22
ロイヤルカナンジャポン合同会社,ユリナリーS/O ライト（猫用 ウェット）,https://www.royalcanin.com/jp/cats/products/vet-products/urinary-so-moderate-calorie-test-4080,ウェット,84.5,7.5,48.4,4.5,,,80.0,per_100g,True,no,2026-06-22
ロイヤルカナンジャポン合同会社,エイジングケア ライト（中・高齢猫用 ドライ）,https://www.royalcanin.com/jp/cats/products/vet-products/aging-care-light-2725,ドライ,6.5,32.0,34.2,8.6,,,348.0,per_100g,True,no,2026-06-22
ロイヤルカナンジャポン合同会社,ユリナリーS/O (猫用 ウェット パウチ）,https://www.royalcanin.com/jp/cats/products/vet-products/urinary-so-1254,ウェット,83.5,8.0,48.5,9.1,,,90.0,per_100g,True,no,2026-06-22
ロイヤルカナンジャポン合同会社,消化器サポート 可溶性繊維（猫用 ウェット パウチ）,https://www.royalcanin.com/jp/cats/products/vet-products/gastrointestinal-fibre-response-2733,ウェット,85.0,5.1,34.0,8.0,,,77.0,per_100g,True,no,2026-06-22
ロイヤルカナンジャポン合同会社,エイジングケア (中高齢猫用 ドライ）,https://www.royalcanin.com/jp/cats/products/vet-products/aging-care-2724,ドライ,6.5,34.0,36.4,8.6,,,361.0,per_100g,True,no,2026-06-22
ロイヤルカナンジャポン合同会社,ニュータードケア キトン（避妊・去勢後 子猫用 ドライ）,https://www.royalcanin.com/jp/cats/products/vet-products/neutered-care-kitten-1605,ドライ,6.5,32.0,34.2,10.7,,,343.0,per_100g,True,no,2026-06-22
ロイヤルカナンジャポン合同会社,ニュータードケア（避妊・去勢後 猫用 ウェット）,https://www.royalcanin.com/jp/cats/products/vet-products/neutered-balance-4088,ウェット,84.5,7.0,45.2,3.2,,,77.0,per_100g,True,no,2026-06-22
ロイヤルカナンジャポン合同会社,ユリナリーS/O オルファクトリー（猫用 ドライ）,https://www.royalcanin.com/jp/cats/products/vet-products/urinary-so-olfactory-attraction-3944,ドライ,6.5,30.0,32.1,13.9,,,386.0,per_100g,True,no,2026-06-22
ロイヤルカナンジャポン合同会社,早期腎臓サポート（猫用 ドライ）,https://www.royalcanin.com/jp/cats/products/vet-products/early-renal-1242,ドライ,6.5,26.0,27.8,12.8,,,381.0,per_100g,True,no,2026-06-22
ロイヤルカナンジャポン合同会社,ニュータードケア（避妊・去勢後 猫用 ドライ）,https://www.royalcanin.com/jp/cats/products/vet-products/neutered-care-2721,ドライ,6.5,33.0,35.3,8.6,,,333.0,per_100g,True,no,2026-06-22
ロイヤルカナンジャポン合同会社,消化器サポート （猫用 ウェット）,https://www.royalcanin.com/jp/cats/products/vet-products/gastrointestinal-4039,ウェット,82.8,6.1,35.5,21.5,,,104.0,per_100g,True,no,2026-06-22
ロイヤルカナンジャポン合同会社,満腹感サポート （猫用 ウェット）,https://www.royalcanin.com/jp/cats/products/vet-products/satiety-support-1070,ウェット,87.0,5.6,43.1,2.3,,,66.0,per_100g,True,no,2026-06-22
ロイヤルカナンジャポン合同会社,消化器サポート 可溶性繊維（猫用 ドライ）,https://www.royalcanin.com/jp/cats/products/vet-products/gastrointestinal-fibre-response-4007,ドライ,6.5,29.0,31.0,13.9,,,390.0,per_100g,True,no,2026-06-22
ロイヤルカナンジャポン合同会社,腎臓サポート＋関節サポート （猫用 ドライ）,https://www.royalcanin.com/jp/cats/products/vet-products/renal-%2b-mobility-8083,ドライ,6.5,21.0,22.5,16.0,,,392.0,per_100g,True,no,2026-06-22
ロイヤルカナンジャポン合同会社,腎臓サポート＋関節サポート（猫用 ウェット）,https://www.royalcanin.com/jp/cats/products/vet-products/renal-%2b-mobility-8084,ウェット,80.0,5.7,28.5,29.5,,,126.0,per_100g,True,no,2026-06-22
ロイヤルカナンジャポン合同会社,ユリナリーS/O オルファクトリー ライト（猫用 ドライ）,https://www.royalcanin.com/jp/cats/products/vet-products/urinary-so-olfactory-attraction-moderate-calorie-1262,ドライ,6.5,30.0,32.1,9.6,,,346.0,per_100g,True,no,2026-06-22
ロイヤルカナンジャポン合同会社,ユリナリーS/O エイジング7+ ＋ CLT （高齢猫用 ドライ）,https://www.royalcanin.com/jp/cats/products/vet-products/urinary-so-aging-7%2b-%2b-calm-1264,ドライ,6.5,30.0,32.1,9.6,,,371.0,per_100g,True,no,2026-06-22
ロイヤルカナンジャポン合同会社,ユリナリーS/O エイジング7++ CLT （高齢猫用 ウェット）,https://www.royalcanin.com/jp/cats/products/vet-products/urinary-so-aging7%2b-%2b-calm-1268,ウェット,82.8,7.5,43.6,12.2,,,94.0,per_100g,True,no,2026-06-22
ロイヤルカナンジャポン合同会社,消化器サポート キトン（子猫用 ドライ）,https://www.royalcanin.com/jp/cats/products/vet-products/gastrointestinal-kitten-1228,ドライ,6.5,33.0,35.3,23.5,,,433.0,per_100g,True,no,2026-06-22
ロイヤルカナンジャポン合同会社,腎臓サポート リキッド（猫用 流動食）,https://www.royalcanin.com/jp/cats/products/vet-products/renal-liquid-cat-4951,ウェット,84.0,4.7,29.4,20.6,,,108.0,per_100g,True,no,2026-06-22
ロイヤルカナンジャポン合同会社,ユリナリーS/O トリーツ（猫用 ドライ）,https://www.royalcanin.com/jp/cats/products/vet-products/urinary-feline-treats-1060,ドライ,6.5,32.0,34.2,9.6,,,349.0,per_100g,True,no,2026-06-22
ロイヤルカナンジャポン合同会社,腎臓サポート ビーフテイスト（猫用 ウェット）,https://www.royalcanin.com/jp/cats/products/vet-products/renal-beef-4031,ウェット,83.0,4.7,27.6,27.1,,,108.0,per_100g,True,no,2026-06-22
ロイヤルカナンジャポン合同会社,スキン&コートケア（猫用 ドライ）,https://www.royalcanin.com/jp/cats/products/vet-products/skin-%26-coat--1323,ドライ,6.5,34.0,36.4,12.8,,,384.0,per_100g,True,no,2026-06-22
ロイヤルカナンジャポン合同会社,糖コントロール（猫用 ウェット）,https://www.royalcanin.com/jp/cats/products/vet-products/diabetic-4085,ウェット,85.5,6.9,47.6,8.3,,,78.0,per_100g,True,no,2026-06-22
ロイヤルカナンジャポン合同会社,セレクトプロテイン チキン＆ライス（猫用 ウェット）,https://www.royalcanin.com/jp/cats/products/vet-products/sensitivity-control-chicken-with-rice-4035,ウェット,82.4,5.0,28.4,22.7,,,103.0,per_100g,True,no,2026-06-22
ロイヤルカナンジャポン合同会社,肝臓サポート（猫用 ドライ）,https://www.royalcanin.com/jp/cats/products/vet-products/hepatic-4012,ドライ,6.5,24.0,25.7,21.4,,,413.0,per_100g,True,no,2026-06-22
ロイヤルカナンジャポン合同会社,pHコントロール＋満腹感サポート（猫用 ドライ）,https://www.royalcanin.com/jp/cats/products/vet-products/multifunction-therapeutic-diet-so-kcal-control-feline-6532,ドライ,6.5,32.0,34.2,7.5,,,305.0,per_100g,True,no,2026-06-22
ロイヤルカナンジャポン合同会社,満腹感サポート＋CLT ドライ (猫用 ドライ),https://www.royalcanin.com/jp/cats/products/vet-products/satiety-%2b-clt-1075,不明,,32.0,,,,,308.0,per_100g,True,no,2026-06-22
ロイヤルカナンジャポン合同会社,ユリナリーS/O (猫用 ドライ),https://www.royalcanin.com/jp/cats/products/vet-products/urinary-so-3901,ドライ,6.5,32.5,34.8,13.9,,,387.0,per_100g,True,no,2026-06-22
ロイヤルカナンジャポン合同会社,ユリナリーS/O ライト（猫用 ドライ）,https://www.royalcanin.com/jp/cats/products/vet-products/urinary-so-moderate-calorie-3954,ドライ,6.5,32.0,34.2,9.6,,,352.0,per_100g,True,no,2026-06-22
ロイヤルカナンジャポン合同会社,糖コントロール（猫用 ドライ）,https://www.royalcanin.com/jp/cats/products/vet-products/diabetic-3906,ドライ,6.5,44.0,47.1,10.7,,,385.0,per_100g,True,no,2026-06-22
ロイヤルカナンジャポン合同会社,低分子プロテイン（猫用 ドライ）,https://www.royalcanin.com/jp/cats/products/vet-products/hypoallergenic-3902,ドライ,6.5,23.5,25.1,19.3,,,409.0,per_100g,True,no,2026-06-22
ロイヤルカナンジャポン合同会社,腎臓サポート （猫用 ドライ）,https://www.royalcanin.com/jp/cats/products/vet-products/renal-3900,ドライ,6.5,21.0,22.5,16.0,,,392.0,per_100g,True,no,2026-06-22
ロイヤルカナンジャポン合同会社,セレクトプロテイン ダック＆ライス (猫用 ドライ),https://www.royalcanin.com/jp/cats/products/vet-products/sensitivity-control-3909,ドライ,6.5,25.0,26.7,9.6,,,349.0,per_100g,True,no,2026-06-22
ロイヤルカナンジャポン合同会社,腎臓サポート スペシャル （猫用 ドライ）,https://www.royalcanin.com/jp/cats/products/vet-products/renal-special-3949,ドライ,6.5,24.0,25.7,16.0,,,392.0,per_100g,True,no,2026-06-22
ロイヤルカナンジャポン合同会社,満腹感サポート （猫用 ドライ）,https://www.royalcanin.com/jp/cats/products/vet-products/satiety-support-3943,ドライ,6.5,32.0,34.2,7.5,,,307.0,per_100g,True,no,2026-06-22
ロイヤルカナンジャポン合同会社,ピルアシスト（猫用）,https://www.royalcanin.com/jp/cats/products/vet-products/pill-assist-cat-1163,セミモイスト,30.0,19.0,27.1,15.0,,,,unknown,True,no,2026-06-22
ロイヤルカナンジャポン合同会社,消化器サポート （猫用 ドライ）,https://www.royalcanin.com/jp/cats/products/vet-products/gastrointestinal-3905,ドライ,6.5,30.0,32.1,21.4,,,410.0,per_100g,True,no,2026-06-22
ロイヤルカナンジャポン合同会社,腎臓サポート ローフ（猫用 ウェット）,https://www.royalcanin.com/jp/cats/products/vet-products/renal-loaf-1246,ウェット,81.3,5.5,29.4,24.1,,,107.0,per_100g,True,no,2026-06-22
アダプトゲン製薬九州株式会社,OEM（受託製造）ー ペットフード ー,https://adaptgen-kyushu.com/oem-petfood/,ドライ,10.0,,,,,,,,False,no,2026-06-22
ヴォイス株式会社,Cat's voice セミモイスト　国産スーパープレミアム　新食感半生フード,https://www.voice-pet.com/catsvoice_pro.html,セミモイスト,30.0,34.5,49.3,12.1,,,307.0,per_100g,False,no,2026-06-22
ヴォイス株式会社,ヘルシージビエ,https://www.voice-pet.com/gibier_pro.html,セミモイスト,27.0,32.4,44.4,46.8,,,490.0,per_100g,False,no,2026-06-22
ヴォイス株式会社,やさしいサプリメント・やさしいトリーツ,https://www.voice-pet.com/yasashi_supply_pro.html,ドライ,9.0,17.0,18.7,11.0,,,278.0,per_100g,False,no,2026-06-22
ヴォイス株式会社,猫にやさしいトリーツ,https://www.voice-pet.com/yasashi_neko_pro.html,ドライ,11.0,15.0,16.9,8.4,,,,unknown,True,no,2026-06-22
ヴォイス株式会社,やさしいトリーツ,https://www.voice-pet.com/yasashi_pro.html,ドライ,20.0,1.9,2.4,7.9,0.07%,0.1,,,True,yes,2026-06-22
九州ペットフード株式会社,製品詳細,https://kyushupet.co.jp/product_detail?id=2050,セミモイスト,25.0,,,1.3,,,,,False,no,2026-06-22
九州ペットフード株式会社,製品詳細,https://kyushupet.co.jp/product_detail?id=2046,セミモイスト,25.0,,,2.0,,,,,False,no,2026-06-22
九州ペットフード株式会社,製品詳細,https://kyushupet.co.jp/product_detail?id=2027,セミモイスト,35.0,,,1.5,,,,,False,no,2026-06-22
九州ペットフード株式会社,製品詳細,https://kyushupet.co.jp/product_detail?id=2023,セミモイスト,35.0,,,1.5,,,,,False,no,2026-06-22
九州ペットフード株式会社,製品詳細,https://kyushupet.co.jp/product_detail?id=2854,ドライ,15.0,,,8.2,,,,,False,no,2026-06-22
九州ペットフード株式会社,製品詳細,https://kyushupet.co.jp/product_detail?id=2842,ドライ,15.0,,,8.8,,,,,False,no,2026-06-22
九州ペットフード株式会社,製品詳細,https://kyushupet.co.jp/product_detail?id=2841,セミモイスト,30.0,,,5.7,,,,,False,no,2026-06-22
九州ペットフード株式会社,製品詳細,https://kyushupet.co.jp/product_detail?id=2840,セミモイスト,30.0,,,5.7,,,,,False,no,2026-06-22
九州ペットフード株式会社,製品詳細,https://kyushupet.co.jp/product_detail?id=2823,セミモイスト,30.0,,,7.1,,,,,False,no,2026-06-22
株式会社サンユー研究所,G-Bits グルコサミントリーツ,https://www.sanyuken.co.jp/gbits.html,ドライ,6.5,19.0,20.3,5.9,,,,per_piece,False,no,2026-06-22
株式会社サンユー研究所,日本のみのり,https://www.sanyuken.co.jp/minori.html,ドライ,7.0,,,10.8,,,366.0,per_100g,False,no,2026-06-22
株式会社サンユー研究所,BPDs,https://www.sanyuken.co.jp/bpds.html,ドライ,2.5,21.0,21.5,,,,,per_g,False,no,2026-06-22
株式会社サンユー研究所,グルコサミン・コンドロイチン,https://www.sanyuken.co.jp/bpg.html,ドライ,5.1,21.8,23.0,12.9,,,,per_g,False,no,2026-06-22
株式会社サンユー研究所,N-BUTS 消化酵素トリーツ,https://www.sanyuken.co.jp/nbits.html,ドライ,6.6,34.2,36.6,3.0,,,,unknown,False,no,2026-06-22
株式会社サンユー研究所,日本のみのり　鯖缶,https://www.sanyuken.co.jp/saba.html,ウェット,75.0,14.5,58.0,36.0,,,150.0,per_100g,False,no,2026-06-22
株式会社サンユー研究所,日本のみのり　鰯缶,https://www.sanyuken.co.jp/iwashi.html,ウェット,76.5,13.0,55.3,38.3,,,168.0,per_100g,False,no,2026-06-22
株式会社サンユー研究所,つぶふりかけ,https://www.sanyuken.co.jp/tsubu.html,ドライ,4.9,52.8,55.5,1.8,,,,per_g,False,no,2026-06-22
株式会社ジャパンペットニュートリション,犬猫用おやつAD.DOG＆CAT おかずトリーツシリーズ フリーズドライストロベリー,http://www.pn-reflex.com/i_all/eat/pn-sb.shtml,ドライ,4.0,7.0,7.3,0.0,,,381.0,per_100g,False,no,2026-06-22
株式会社ジャパンペットニュートリション,犬猫用おやつ アラスカンワイルドフリーズドライ,http://www.pn-reflex.com/i_all/eat/pn-aw.shtml,ドライ,8.0,70.0,76.1,7.6,,,,unknown,False,no,2026-06-22
株式会社ジャパンペットニュートリション,犬猫用おやつ フリーズドライ サメフィレ肉,http://www.pn-reflex.com/i_all/eat/pn-fs.shtml,ドライ,6.0,82.0,87.2,2.1,,,357.0,per_100g,False,no,2026-06-22
株式会社食糧,商品紹介,https://www.shokuryo.jp/products/,不明,,,,,,,,unknown,False,no,2026-06-22
株式会社食糧,商品紹介,https://www.shokuryo.jp/senior/,不明,,,,,,,,unknown,False,no,2026-06-22
株式会社食糧,商品紹介,https://www.shokuryo.jp/supplement/,不明,,8.0,,,,,,,False,no,2026-06-22
株式会社スマック,エブリケア クリームインシリーズ,https://www.smack.co.jp/cat_food/every_cat_ci.html,ドライ,10.0,30.0,33.3,22.2,0.9%,1.0,390.0,per_100g,False,yes,2026-06-22
株式会社スマック,エブリケアシリーズ,https://www.smack.co.jp/cat_food/every_cat.html,ドライ,10.0,30.0,33.3,13.3,0.8%,0.9,350.0,per_100g,False,yes,2026-06-22
株式会社スマック,フローラケア,https://www.smack.co.jp/cat_food/fc_cat.html,ドライ,10.0,15.0,16.7,11.1,,,350.0,per_100g,False,no,2026-06-22
株式会社スマック,キャットスマック,https://www.smack.co.jp/cat_food/catsmack_2kg.html,ドライ,10.0,30.0,33.3,11.1,0.8%,0.9,360.0,per_100g,False,yes,2026-06-22
株式会社スマック,キャットスマック,https://www.smack.co.jp/cat_food/catsmack_lx.html,ドライ,10.0,27.0,30.0,10.0,,,330.0,per_100g,False,no,2026-06-22
株式会社スマック,ネコリズム,https://www.smack.co.jp/cat_food/nekorythm.html,ドライ,20.0,70.0,87.5,2.5,,,290.0,per_100g,False,no,2026-06-22
株式会社スマック,ミネット400g,https://www.smack.co.jp/cat_food/minette_400g.html,ドライ,10.0,30.0,33.3,13.3,0.8%,0.9,350.0,per_100g,False,yes,2026-06-22
株式会社スマック,ミネット 腎臓ケア,https://www.smack.co.jp/cat_food/minette_kidney.html,ドライ,10.0,26.0,28.9,13.3,0.5%,0.6,370.0,per_100g,False,yes,2026-06-22
株式会社スマック,ミネット,https://www.smack.co.jp/cat_food/minette_gf.html,ドライ,10.0,35.0,38.9,13.3,0.8%,0.9,370.0,per_100g,False,yes,2026-06-22
株式会社スマック,ミネット,https://www.smack.co.jp/cat_food/minette_220g.html,ドライ,10.0,30.0,33.3,13.3,0.8%,0.9,350.0,per_100g,False,yes,2026-06-22
株式会社スマック,ミネット,https://www.smack.co.jp/cat_food/minette_4p.html,ドライ,10.0,30.0,33.3,13.3,0.8%,0.9,350.0,per_100g,False,yes,2026-06-22
株式会社スマック,にゃんズ満足,https://www.smack.co.jp/cat_food/nyanzu.html,ドライ,10.0,27.0,30.0,10.0,,,330.0,per_100g,False,no,2026-06-22
株式会社スマック,Quoli フリーズドライ CAT,https://www.smack.co.jp/cat_food/quoli_fd.html,ドライ,10.0,80.0,88.9,1.1,,,360.0,per_100g,False,no,2026-06-22
株式会社スマック,どうぞお納めください,https://www.smack.co.jp/cat_food/douzo.html,セミモイスト,25.0,50.0,66.7,10.7,,,,unknown,False,no,2026-06-22
株式会社スマック,またたび玉,https://www.smack.co.jp/cat_food/matatabi-d.html,ドライ,10.0,30.0,33.3,11.1,0.8%,0.9,,unknown,False,yes,2026-06-22
株式会社スマック,またたび,https://www.smack.co.jp/cat_food/matatabi.html,ドライ,15.0,10.0,11.8,1.8,,,,unknown,False,no,2026-06-22
株式会社スマック,またたび,https://www.smack.co.jp/cat_food/matatabi-f.html,ドライ,15.0,10.0,11.8,2.4,,,,unknown,False,no,2026-06-22
天然素材株式会社,ペットフード事業部 – 天然素材株式会社,https://ten-nen.co.jp/petdiv/#cat,ドライ,6.0,,,,0.77%,0.8,,,True,yes,2026-06-23
天然素材株式会社,ペットフード事業部 – 天然素材株式会社,https://ten-nen.co.jp/petdiv,ドライ,6.0,,,,0.77%,0.8,,,True,yes,2026-06-23
天然素材株式会社,ペットフード事業部 – 天然素材株式会社,https://ten-nen.co.jp/petdiv/,ドライ,6.0,,,,0.77%,0.8,,,True,yes,2026-06-23
株式会社パーパス,CALM,https://hr-purpose.com/pages/67/,ドライ,10.0,19.4,21.6,13.2,,,371.0,per_100g,False,no,2026-06-23
株式会社パーパス,ウィッシュ ジャパン,https://hr-purpose.com/pages/73/,ドライ,10.0,19.4,21.6,13.2,,,371.0,per_100g,False,no,2026-06-23
株式会社パーパス,ウィッシュ　(猫用),https://hr-purpose.com/pages/40/,ドライ,10.0,40.0,44.4,20.0,,,380.0,per_100g,False,no,2026-06-23
株式会社ビルバックジャパン,C.E.T.®インテリデント,https://jp.virbac.com/home/cat/functional-snacks.html,ドライ,9.0,,,7.7,,,,per_piece,False,no,2026-06-23
ペットアイ株式会社,いつものごちそう　子猫用,https://www.pet-i.co.jp/product/cat-food/050,ドライ,10.0,32.5,36.1,14.4,1.0%,1.1,355.0,per_100g,False,yes,2026-06-23
ペットアイ株式会社,いつものごちそう　子猫用,https://www.pet-i.co.jp/product/cat-food/050/,ドライ,10.0,32.5,36.1,14.4,1.0%,1.1,355.0,per_100g,False,yes,2026-06-23
ペットアイ株式会社,いつものごちそう　腎臓の健康ケア,https://www.pet-i.co.jp/product/cat-food/049,ドライ,10.0,27.0,30.0,9.4,0.7%,0.8,335.0,per_100g,False,yes,2026-06-23
ペットアイ株式会社,いつものごちそう　腎臓の健康ケア,https://www.pet-i.co.jp/product/cat-food/049/,ドライ,10.0,27.0,30.0,9.4,0.7%,0.8,335.0,per_100g,False,yes,2026-06-23
ペットアイ株式会社,いつものごちそうセレクション 金のグルメ かつお味･まぐろ味 ホタテチップ･かつお節･まぐろ節添え,https://www.pet-i.co.jp/product/cat-food/047,ドライ,10.0,28.0,31.1,9.4,0.8%,0.9,325.0,per_100g,False,yes,2026-06-23
ペットアイ株式会社,いつものごちそうセレクション 金のグルメ かつお味･まぐろ味 ホタテチップ･かつお節･まぐろ節添え,https://www.pet-i.co.jp/product/cat-food/047/,ドライ,10.0,28.0,31.1,9.4,0.8%,0.9,325.0,per_100g,False,yes,2026-06-23
ペットアイ株式会社,いつものごちそう乳酸菌　複数猫用,https://www.pet-i.co.jp/product/cat-food/048,ドライ,10.0,28.0,31.1,9.4,0.8%,0.9,325.0,per_100g,False,yes,2026-06-23
ペットライン株式会社,キャットフード「メディファス 満腹感ダイエット 1歳から チキン＆フィッシュ味」,https://www.petline.co.jp/cat/MFD/MFD-40/,ドライ,10.0,29.5,32.8,8.3,0.7%,0.8,,unknown,False,yes,2026-06-23
ペットライブラリー株式会社,犬猫用ヨーグルト　プロテイン 犬猫用 おやつ,https://www.petlibrary.jp/brand/partnerfoods/113899/,ウェット,82.0,10.0,55.6,0.6,,,,unknown,False,no,2026-06-23
ペットライブラリー株式会社,犬猫用ヨーグルト　いちご味 犬猫用 おやつ,https://www.petlibrary.jp/brand/partnerfoods/113897/,ウェット,85.0,2.5,16.7,12.0,,,,unknown,False,no,2026-06-23
マルトモ株式会社,1gで使いやすいソフト6P,https://www.marutomo.co.jp/archives/product/30432,不明,,,,,,,,unknown,False,no,2026-06-23
株式会社森乳サンワールド,プレミアムキャットミルク,https://www.morinyu-pet.com/products/cat/premium-cat-milk/,ドライ,6.0,38.0,40.4,25.5,,,500.0,per_100g,True,no,2026-06-23
株式会社森乳サンワールド,ゴールデンキャットミルク,https://www.morinyu-pet.com/products/cat/golden-cat-milk/,不明,,38.0,,,,,504.0,per_100g,True,no,2026-06-23
株式会社森乳サンワールド,キャットミルク,https://www.morinyu-pet.com/products/cat/cat-milk/,ドライ,5.0,38.0,40.0,26.3,,,504.0,per_100g,True,no,2026-06-23
株式会社森乳サンワールド,キャットミルクミニ,https://www.morinyu-pet.com/products/cat/cat-milk-mini/,ドライ,5.0,38.0,40.0,26.3,,,504.0,per_100g,True,no,2026-06-23
株式会社森乳サンワールド,キャットメンテナンスシニアミルク,https://www.morinyu-pet.com/products/cat/cat-maintenance-milk/,ドライ,5.0,29.0,30.5,23.2,,,434.0,per_100g,True,no,2026-06-23
株式会社森乳サンワールド,子猫のためのキャットミルク,https://www.morinyu-pet.com/products/cat/konekono-cat-milk/,ドライ,7.0,38.0,40.9,26.9,,,504.0,per_100g,True,no,2026-06-23
株式会社森乳サンワールド,ミネラルゼロのペットの純水,https://www.morinyu-pet.com/products/cat/pure-water/,ウェット,100.0,0.0,,,,,,unknown,True,no,2026-06-23
株式会社森乳サンワールド,ネコちゃんの離乳食（粉末）,https://www.morinyu-pet.com/products/cat/cat-baby-food/,ドライ,8.0,34.0,37.0,22.8,,,418.0,per_100g,True,no,2026-06-23
株式会社森乳サンワールド,バイオビス,https://www.morinyu-pet.com/products/cat/bio-biscuits/,ドライ,7.0,8.0,8.6,9.7,,,362.0,per_100g,True,no,2026-06-23
株式会社森乳サンワールド,初乳　粉末,https://www.morinyu-pet.com/products/cat/colostrum/,ドライ,7.0,55.0,59.1,0.5,,,,,True,no,2026-06-23
株式会社森乳サンワールド,バイタルサポートEX,https://www.morinyu-pet.com/products/cat/vital-support-ex/,ドライ,4.0,11.0,11.5,1.6,,,330.0,per_100g,True,no,2026-06-23
株式会社森乳サンワールド,ビヒズスオリゴ,https://www.morinyu-pet.com/products/cat/bihizusuorigo/,ドライ,5.0,0.0,0.0,0.0,,,300.0,per_100g,True,no,2026-06-23
株式会社森乳サンワールド,プロポリス200,https://www.morinyu-pet.com/products/cat/propolis-200/,ドライ,5.0,0.0,0.0,0.8,,,300.0,per_100g,True,no,2026-06-23
株式会社森乳サンワールド,ヨーグルトMIX,https://www.morinyu-pet.com/products/cat/one-rack-yogurt-mix/,ドライ,5.0,13.0,13.7,6.3,,,366.0,per_100g,True,no,2026-06-23
株式会社森乳サンワールド,エナジー500,https://www.morinyu-pet.com/products/cat/one-rack-energy-500/,ドライ,5.0,38.0,40.0,25.3,,,500.0,per_100g,True,no,2026-06-23
